eplenmean,eprewmean,fps,loss/approxkl,loss/clipfrac,loss/policy_entropy,loss/policy_loss,loss/value_loss,misc/explained_variance,misc/nupdates,misc/serial_timesteps,misc/time_elapsed,misc/total_timesteps
147.13953488372093,0.43023255813953487,487,1.3609255e-06,0.0,2.9444375,-6.130696e-05,0.0049901833,0.0922955870628357,1,512,16.79243352985941,8192
145.85714285714286,0.46020408163265314,561,1.3195695e-06,0.0,2.9444294,-7.656698e-05,0.006926772,0.28680741786956787,2,1024,31.522381085902452,16384
151.61,0.5060000000000001,553,1.6365987e-06,0.0,2.9444156,-6.846382e-05,0.0072388803,0.4135034680366516,3,1536,46.3127740889322,24576
140.92,0.5660000000000001,553,2.258514e-06,0.0,2.94439,-6.678543e-05,0.011374259,0.3959619998931885,4,2048,61.10274989786558,32768
136.16,0.621,549,3.5259122e-06,0.0,2.9443462,-0.000120623314,0.00901348,0.5411843061447144,5,2560,75.99866523593664,40960
134.12,0.666,563,8.839086e-06,0.0,2.944232,-0.00014864636,0.00840497,0.5635269284248352,6,3072,90.53724991786294,49152
152.99,0.665,562,8.260203e-06,0.0,2.9440694,-4.3648542e-05,0.00909789,0.5553742349147797,7,3584,105.09915583394468,57344
154.18,0.626,552,1.880609e-05,0.0,2.9438496,-0.00027038515,0.007615915,0.6033345460891724,8,4096,119.92330756084993,65536
136.52,0.6220000000000001,545,4.575962e-05,0.0,2.9433167,-0.00031341956,0.007096362,0.6504111886024475,9,4608,134.95495706796646,73728
123.32,0.6030000000000001,529,0.00020424694,0.0,2.9415944,-0.00072573137,0.00893339,0.5170881450176239,10,5120,150.42365017184056,81920
130.28,0.561,541,0.00086781476,0.025634766,2.934994,-0.000731096,0.010150507,0.5868170857429504,11,5632,165.55471932399087,90112
111.16,0.623,526,0.00016442608,0.0,2.9337192,3.0960655e-06,0.011395873,0.6395023465156555,12,6144,181.1048046948854,98304
114.05,0.584,529,8.3272855e-05,0.0,2.935431,-0.00061272574,0.0069232364,0.6694100201129913,13,6656,196.59156369883567,106496
99.99,0.6040000000000001,519,0.0004998788,0.007080078,2.928844,-0.00082549616,0.009383546,0.6866319179534912,14,7168,212.35688578989357,114688
111.11,0.573,544,0.0008460125,0.028381348,2.9175324,-0.0007263666,0.0053287004,0.6658539474010468,15,7680,227.41144952201284,122880
119.99,0.6100000000000001,517,0.00017127625,0.0,2.9136424,-0.0002622663,0.0066992,0.6434332132339478,16,8192,243.2309015300125,131072
107.15,0.606,520,0.0014970449,0.055603027,2.895324,-0.001679892,0.010265485,0.5973909497261047,17,8704,258.95846412098035,139264
87.39,0.639,517,0.0008424041,0.015136719,2.9041386,-0.0009648182,0.010504166,0.5806311070919037,18,9216,274.7757801839616,147456
85.59,0.6559999999999999,513,0.0010787784,0.031311035,2.8996344,-0.0016344278,0.008965568,0.598442792892456,19,9728,290.7259474408347,155648
97.41,0.6629999999999999,533,0.001786346,0.06921387,2.8732731,-0.0014737665,0.009042354,0.6107715666294098,20,10240,306.08476356603205,163840
70.63,0.7250000000000001,500,0.00048534453,0.0006713867,2.8699155,0.00028328397,0.011834835,0.6172420680522919,21,10752,322.4582536518574,172032
92.78,0.693,514,0.0008715725,0.010559082,2.8559375,-0.00083118305,0.006251191,0.7305114269256592,22,11264,338.3836432818789,180224
73.88,0.767,511,0.0010151685,0.031982422,2.8360794,-0.00077217753,0.008208136,0.6976254284381866,23,11776,354.3899261879269,188416
74.64,0.7820000000000004,515,0.001678545,0.057922363,2.7980697,-0.0019817639,0.00942228,0.69243523478508,24,12288,370.2955717188306,196608
70.12,0.8140000000000001,506,0.0006173388,0.0038452148,2.7845879,-0.0007897539,0.011459798,0.7112859487533569,25,12800,386.46702638687566,204800
65.93,0.801,501,0.0020156032,0.09448242,2.7338023,-0.0007451531,0.03729528,0.719501405954361,26,13312,402.78627378004603,212992
67.43,0.7850000000000001,505,0.0012743562,0.04345703,2.7717612,0.0005492677,0.02722659,0.6893613040447235,27,13824,418.9945620528888,221184
58.05,0.8170000000000001,495,0.0017142155,0.0680542,2.7450833,-0.0012671782,0.011218002,0.7577198594808578,28,14336,435.5165981850587,229376
75.6,0.768,508,0.0011250152,0.046813965,2.760324,-0.0011355286,0.008822597,0.7413594722747803,29,14848,451.62307066703215,237568
64.52,0.796,495,0.0005102647,0.002746582,2.773171,-0.0005395479,0.008862637,0.7428580522537231,30,15360,468.13960108999163,245760
57.33,0.8739999999999999,486,0.0013859359,0.053466797,2.7074215,-0.002093676,0.009006138,0.7592258602380753,31,15872,484.9678871729411,253952
45.62,0.8670000000000002,477,0.001632068,0.06286621,2.7076395,-0.0018273111,0.009742307,0.7549408823251724,32,16384,502.1092059928924,262144
43.25,0.8710000000000001,474,0.0014050914,0.056518555,2.7029834,-0.0015991632,0.0071647065,0.7767059653997421,33,16896,519.3775583449751,270336
53.99,0.8740000000000003,495,0.0010970894,0.047180176,2.6978848,-0.00058132363,0.008014107,0.7601788192987442,34,17408,535.9091017479077,278528
63.62,0.865,491,0.00072284724,0.0012207031,2.7216213,-0.00057402573,0.00798417,0.7402230501174927,35,17920,552.5928065169137,286720
40.67,0.9280000000000002,471,0.0024301657,0.10266113,2.6358624,-0.0005206516,0.010559404,0.7238508462905884,36,18432,569.9658791548572,294912
52.86,0.961,509,0.0031598376,0.13909912,2.6388981,-0.0007523467,0.013500365,0.6871758699417114,37,18944,586.0471284228843,303104
57.19,0.893,482,0.0010121362,0.018127441,2.7076652,0.0004604974,0.009516845,0.7458951473236084,38,19456,603.0355149540119,311296
45.18,0.9780000000000001,478,0.0050953403,0.20928955,2.5659525,0.0024902492,0.011417988,0.7303317189216614,39,19968,620.1612691029441,319488
48.64,1.006,476,0.00094763853,0.0021972656,2.6805382,0.0004161466,0.013693924,0.6616962254047394,40,20480,637.3487032218836,327680
60.48,0.9390000000000002,490,0.001430168,0.07470703,2.6327207,-0.0019952555,0.012128431,0.7075515389442444,41,20992,654.0411934049334,335872
51.88,0.941,486,0.0038592755,0.17962646,2.5772467,-0.00025538664,0.01019485,0.7594561874866486,42,21504,670.8833842950407,344064
53.82,1.014,487,0.00081909937,0.034851074,2.6451364,-0.00056256365,0.0135035645,0.6880224049091339,43,22016,687.7007017189171,352256
48.04,1.0520000000000003,478,0.0024442086,0.11999512,2.5107427,-0.001513147,0.012137606,0.7066471874713898,44,22528,704.8257236049976,360448
50.13,0.982,479,0.001681866,0.07885742,2.5161722,-0.0019381003,0.014299301,0.6793583333492279,45,23040,721.9220396829769,368640
42.81,1.04,463,0.0016284205,0.08483887,2.550049,-0.0013191835,0.0131126065,0.7093465030193329,46,23552,739.6020855479874,376832
45.57,1.035,473,0.0040057967,0.20214844,2.4503222,-0.0005678387,0.015411071,0.6731239259243011,47,24064,756.916621461045,385024
39.7,1.0410000000000001,463,0.0012639472,0.014831543,2.520781,0.0005683135,0.014559906,0.7212433218955994,48,24576,774.6082140379585,393216
51.66,1.124,473,0.0025806865,0.15960693,2.397644,-0.0012246091,0.017391609,0.6896493434906006,49,25088,791.9158011779655,401408
49.38,1.1320000000000001,456,0.0021609971,0.13085938,2.3943853,-0.0017720053,0.0249494,0.6701240837574005,50,25600,809.8449897419196,409600
55.13,1.1039999999999999,464,0.00197914,0.11175537,2.4206908,-0.0020055603,0.014138462,0.7722807675600052,51,26112,827.4807820760179,417792
49.61,1.1760000000000002,462,0.0037077232,0.20605469,2.2794876,-0.0011923062,0.019120254,0.6993165612220764,52,26624,845.1976299388334,425984
40.69,1.146,454,0.0021249724,0.093933105,2.2697973,-0.002207434,0.023382042,0.6848499774932861,53,27136,863.2139820300508,434176
45.18,1.197,458,0.0017158048,0.061462402,2.250991,-0.0017756345,0.024124335,0.7124137878417969,54,27648,881.0886188859586,442368
40.64,1.213,453,0.002246017,0.08959961,2.1494288,-0.0019673058,0.023868129,0.6540884673595428,55,28160,899.1383559999522,450560
48.58,1.2889999999999997,469,0.0010569384,0.03540039,2.1344938,-0.0006842655,0.032172143,0.688301295042038,56,28672,916.5987123318482,458752
42.65,1.29,451,0.0033601525,0.14361572,1.9877453,-0.0012537062,0.030528706,0.6947793066501617,57,29184,934.7589971770067,466944
47.64,1.2950000000000004,476,0.00053039496,0.0026855469,2.0671957,7.935516e-05,0.029251698,0.7382704019546509,58,29696,951.941769469995,475136
51.98,1.3549999999999998,477,0.0010044673,0.024047852,1.9880328,-0.0008460323,0.03462437,0.7046157419681549,59,30208,969.1113182709087,483328
54.73,1.2849999999999997,461,0.0012622626,0.049072266,2.0202491,-0.00026591535,0.030783433,0.7429130971431732,60,30720,986.8452825150453,491520
49.98,1.3279999999999998,470,0.0010554946,0.029052734,1.8730812,-0.000790469,0.03337508,0.7296923398971558,61,31232,1004.2508481249679,499712
55.15,1.3230000000000002,473,0.001141516,0.0413208,1.8091612,-0.00024806175,0.028469454,0.7746051996946335,62,31744,1021.5598864520434,507904
45.98,1.3559999999999997,467,0.00078982464,0.021972656,1.7184074,0.00011551558,0.040998854,0.7307938933372498,63,32256,1039.0890479220543,516096
53.02,1.345,471,0.00057226524,0.009399414,1.6051421,-0.00061825,0.055628568,0.732446014881134,64,32768,1056.470509981038,524288
43.68,1.449,454,0.000713439,0.02178955,1.5158432,-0.00072910526,0.059553344,0.6278810203075409,65,33280,1074.4798423750326,532480
50.16,1.4359999999999997,469,0.00091383274,0.027954102,1.4386779,-0.0014424666,0.048269026,0.728247195482254,66,33792,1091.9320856500417,540672
42.61,1.5290000000000001,446,0.0007045145,0.022155762,1.4392133,-0.0013427198,0.061732635,0.6827938556671143,67,34304,1110.2950853060465,548864
46.82,1.5160000000000002,455,0.0009128556,0.0345459,1.4172875,-0.0005187131,0.042066954,0.7075646221637726,68,34816,1128.2740389429964,557056
53.12,1.399,461,0.0009021342,0.029052734,1.3488126,-0.0006716144,0.036535636,0.753887489438057,69,35328,1146.0396738748532,565248
45.01,1.466,449,0.00082326133,0.024658203,1.3320053,-0.0010550136,0.04141058,0.7370284199714661,70,35840,1164.2537965788506,573440
46.5,1.7120000000000002,455,0.0006422951,0.022521973,1.3845048,-0.00083716674,0.05279308,0.7589179426431656,71,36352,1182.224347537849,581632
49.96,1.528,451,0.00038645114,0.0064086914,1.4742826,-0.00017550116,0.06446711,0.7878996878862381,72,36864,1200.3580624158494,589824
42.95,1.548,451,0.0007818554,0.026123047,1.3041769,-0.00040763547,0.062015165,0.7379148304462433,73,37376,1218.5007679448463,598016
45.05,1.5929999999999997,449,0.00064669165,0.02154541,1.3912994,-0.00023618888,0.05350882,0.7509765028953552,74,37888,1236.7221071359236,606208
54.32,1.5860000000000003,464,0.00062590174,0.022521973,1.3392916,-0.00035337618,0.049658913,0.8046611547470093,75,38400,1254.3679443090223,614400
48.52,1.5959999999999999,463,0.00097611913,0.035095215,1.298895,-0.00089663593,0.047852878,0.8029877990484238,76,38912,1272.0471540640574,622592
43.54,1.6610000000000003,456,0.0005349567,0.0154418945,1.2615012,-0.0004915562,0.054606102,0.8018391281366348,77,39424,1290.0085754639003,630784
49.28,1.564,456,0.00059445464,0.020568848,1.3769641,-0.0008876942,0.053686433,0.7927193194627762,78,39936,1307.9702464130241,638976
49.96,1.581,473,0.00028742643,0.0040283203,1.3219236,-0.0007413652,0.052997667,0.8064686208963394,79,40448,1325.2882133310195,647168
48.25,1.734,462,0.0008371589,0.023498535,1.3104256,-0.0003116087,0.057828367,0.8186320662498474,80,40960,1342.9885666640475,655360
45.77,1.6470000000000002,472,0.00041739552,0.011413574,1.3318548,-0.00031643113,0.050090857,0.8205432146787643,81,41472,1360.3090802999213,663552
55.81,1.551,508,0.0007956892,0.021972656,1.4170195,-0.0005421876,0.045932624,0.8266157358884811,82,41984,1376.434822734911,671744
46.77,1.564,466,0.0008281081,0.032958984,1.2963538,5.715496e-05,0.059504986,0.7778895199298859,83,42496,1393.9995876390021,679936
46.87,1.7920000000000003,459,0.0009187517,0.03491211,1.1524729,-0.00050396123,0.06055878,0.7661818414926529,84,43008,1411.8179162249435,688128
52.37,1.7920000000000003,458,0.0007516509,0.028442383,1.1757499,-0.0009707316,0.0601228,0.8039502650499344,85,43520,1429.697910745861,696320
42.88,1.7890000000000001,443,0.0005165795,0.014404297,1.0664797,-9.90968e-06,0.068683565,0.7935844659805298,86,44032,1448.1500815008767,704512
45.84,1.7710000000000001,459,0.00066754606,0.025390625,1.1513733,-0.0010611269,0.07183404,0.7892794907093048,87,44544,1465.9845296239946,712704
42.25,1.794,463,0.0006772317,0.026123047,1.317625,-0.00027870314,0.06458798,0.8232305347919464,88,45056,1483.6586029729806,720896
45.47,1.8050000000000004,466,0.0009479319,0.035583496,1.1825268,-0.00015873846,0.06826206,0.8301306813955307,89,45568,1501.2172476588748,729088
53.85,1.6769999999999998,463,0.0006081695,0.019104004,1.2199073,-0.00034338757,0.06774588,0.8073402792215347,90,46080,1518.8781520379707,737280
43.61,1.868,450,0.0011900207,0.04876709,1.1345799,-0.0003767436,0.061465383,0.8042990863323212,91,46592,1537.0640450869687,745472
43.2,1.903,446,0.0010747111,0.04699707,1.0387276,-0.00070751744,0.065493226,0.8002479672431946,92,47104,1555.4062681328505,753664
52.54,1.851,461,0.0008751622,0.031188965,1.156338,0.00044558215,0.05993928,0.8179399073123932,93,47616,1573.1675613280386,761856
53.78,1.892,460,0.0010590699,0.046142578,1.0746523,-0.00049349235,0.0697609,0.8116800338029861,94,48128,1590.9729337838944,770048
43.97,2.0050000000000003,464,0.00066100375,0.021606445,1.0578468,-0.0007756932,0.069773436,0.8276965469121933,95,48640,1608.602410764899,778240
53.13,1.974,469,0.0005240413,0.016662598,1.0303708,-0.00042603156,0.06544612,0.8652499467134476,96,49152,1626.0684753030073,786432
54.19,1.9439999999999997,465,0.0016534153,0.05834961,1.0431589,-0.00054164685,0.066424854,0.8389714658260345,97,49664,1643.679947971832,794624
48.27,1.9440000000000004,455,0.0009283357,0.03277588,0.95958304,-0.00069808296,0.069378264,0.8446396291255951,98,50176,1661.6554987509735,802816
41.12,2.0580000000000003,460,0.0013890646,0.047180176,0.80225915,-0.00041772047,0.09074666,0.8345750421285629,99,50688,1679.4637111148331,811008
54.17,2.0220000000000002,465,0.0006140206,0.024108887,0.92932177,-0.00043132994,0.06443407,0.8696159869432449,100,51200,1697.051658554934,819200
51.49,2.057,458,0.0004531586,0.013549805,0.9106338,-0.00047320564,0.07166501,0.8572638034820557,101,51712,1714.9343088648748,827392
51.89,1.9780000000000004,454,0.00056574977,0.017822266,0.8983457,-0.00021903618,0.082105994,0.8490806818008423,102,52224,1732.9754949929193,835584
46.6,2.0890000000000004,460,0.00028637718,0.007385254,0.8547104,-0.00045542204,0.08162536,0.7982680946588516,103,52736,1750.7549588610418,843776
57.08,1.9750000000000003,471,0.00056440674,0.018310547,0.8405566,-0.0007482863,0.06685835,0.8187115639448166,104,53248,1768.1415060460567,851968
46.48,2.106,451,0.0002457387,0.006591797,0.7692419,-0.00025232113,0.07915634,0.7914303690195084,105,53760,1786.292245328892,860160
49.97,2.0629999999999997,461,0.00028924097,0.005554199,0.8188801,-0.00070018217,0.06915686,0.8067529797554016,106,54272,1804.034234168008,868352
40.1,2.282,445,0.0004862958,0.017456055,0.7885304,-0.0010416526,0.082269505,0.8020430505275726,107,54784,1822.439596884884,876544
40.45,2.1430000000000002,448,0.00017645687,0.00390625,0.7215759,-0.0003428294,0.07833352,0.8036444336175919,108,55296,1840.7040292569436,884736
47.18,2.1570000000000005,453,0.00041189618,0.014160156,0.62114084,-0.0006242151,0.07836458,0.8205876797437668,109,55808,1858.7847218269017,892928
46.48,2.2070000000000003,449,0.00013462343,0.0014648438,0.7537973,-0.00023574047,0.08659625,0.8127537965774536,110,56320,1877.0192908078898,901120
45.86,2.217,439,0.00029405433,0.009033203,0.62664557,-0.00014728674,0.089788206,0.8002457916736603,111,56832,1895.6720937050413,909312
44.27,2.2680000000000002,441,8.45163e-05,0.0010375977,0.6919087,-0.00013573124,0.09037092,0.799424022436142,112,57344,1914.2231634450145,917504
45.19,2.1170000000000004,452,0.0002337588,0.007080078,0.63302237,-0.0004357673,0.07658634,0.8161018788814545,113,57856,1932.315398806939,925696
43.47,2.056,450,0.0001318167,0.0048217773,0.6366323,-0.000274673,0.08091934,0.8137081414461136,114,58368,1950.5028675938956,933888
41.49,2.2470000000000003,436,0.00022632448,0.008239746,0.6477691,-0.00029934326,0.09026523,0.8002946972846985,115,58880,1969.2604840688873,942080
51.44,2.1610000000000005,457,0.00014340144,0.0006713867,0.7519529,-0.00015586609,0.07952741,0.8263558745384216,116,59392,1987.1730956239626,950272
49.16,2.217,461,0.00026534058,0.010009766,0.78590107,-0.00041751386,0.07829099,0.8381428271532059,117,59904,2004.9252027708571,958464
42.88,2.198,448,0.00025042304,0.0064697266,0.674285,-0.00020845856,0.07953998,0.8210013806819916,118,60416,2023.2078151570167,966656
48.45,2.213,455,0.0001782799,0.005065918,0.6476406,-0.00021465095,0.08421763,0.8325901180505753,119,60928,2041.1802178178914,974848
47.1,2.0700000000000003,450,0.00082925265,0.028686523,0.65554696,-0.00065756397,0.07251508,0.8259323984384537,120,61440,2059.349060761975,983040
43.7,2.1330000000000005,451,0.00085085834,0.0234375,0.57618445,0.00061615393,0.089741744,0.8172916322946548,121,61952,2077.4998985419516,991232
50.19,2.2670000000000003,445,0.0015595399,0.04534912,0.57707155,-2.931431e-05,0.062755056,0.8592093586921692,122,62464,2095.891845731996,999424
46.66,2.2560000000000002,437,0.00043627742,0.014160156,0.6040666,0.0001291805,0.068878785,0.8617141395807266,123,62976,2114.596348784864,1007616
49.71,2.182,447,0.0004888673,0.016052246,0.5212404,-1.065043e-05,0.067392774,0.8862452879548073,124,63488,2132.9143614529166,1015808
42.35,2.1910000000000003,447,0.0002095724,0.006713867,0.55664665,-0.00028854609,0.061819073,0.883119598031044,125,64000,2151.2398304310627,1024000
40.29,2.3499999999999996,427,0.00019374068,0.0073242188,0.46137366,-0.000112752474,0.06418292,0.8790669441223145,126,64512,2170.4232189999893,1032192
41.72,2.2560000000000002,431,7.426011e-05,0.0008544922,0.46715882,-0.00014145493,0.07488421,0.8578720092773438,127,65024,2189.4117540949956,1040384
48.28,2.278,459,0.00025872345,0.0056152344,0.5183953,-0.00027673843,0.05965093,0.8930467814207077,128,65536,2207.226950526936,1048576
42.5,2.1870000000000003,448,0.00012630045,0.0018310547,0.42240605,-0.00017847275,0.061018027,0.8960105776786804,129,66048,2225.4781664479524,1056768
43.64,2.2270000000000003,447,0.00016938307,0.0067749023,0.42747062,-7.782914e-05,0.06326133,0.8912548944354057,130,66560,2243.7792528930586,1064960
42.3,2.2319999999999998,445,0.00016626572,0.0043945312,0.42928788,0.0002127433,0.06603085,0.8828359544277191,131,67072,2262.15895970189,1073152
41.78,2.338,437,0.00024579722,0.006958008,0.42843908,-0.00010462833,0.06409604,0.8854377642273903,132,67584,2280.877619734034,1081344
42.55,2.1930000000000005,438,2.930472e-05,0.00079345703,0.41091806,-2.0416308e-05,0.072326496,0.8804944083094597,133,68096,2299.53926913091,1089536
43.0,2.2460000000000004,446,0.00015785548,0.004638672,0.40437943,-0.00014841574,0.069480844,0.8807452842593193,134,68608,2317.8996895048767,1097728
48.03,2.2270000000000003,457,0.00037504442,0.011779785,0.46579152,5.3413518e-05,0.06057227,0.8944768756628036,135,69120,2335.7914169768337,1105920
47.59,2.2659999999999996,457,0.00046235626,0.0178833,0.4937852,-0.0002884018,0.060399156,0.8895446360111237,136,69632,2353.7069975789636,1114112
47.63,2.2590000000000003,439,0.0002483384,0.0107421875,0.51590484,2.4764071e-05,0.060592514,0.8908352628350258,137,70144,2372.358505264856,1122304
46.71,2.2689999999999997,432,0.00021348841,0.0036621094,0.39092448,-3.0101277e-05,0.06446413,0.8782685697078705,138,70656,2391.2783206070308,1130496
39.69,2.394,435,0.00018136323,0.0065307617,0.43696254,-0.00019028096,0.06572545,0.8765003755688667,139,71168,2410.09707519901,1138688
45.29,2.2680000000000002,446,0.00016121221,0.0057373047,0.45127124,-0.00030825488,0.06562899,0.8876428157091141,140,71680,2428.4526411190163,1146880
42.44,2.261,440,0.00016083781,0.0053100586,0.41820684,-0.00017683243,0.06151503,0.89566370844841,141,72192,2447.0330123309977,1155072
46.97,2.299,440,0.00032439636,0.010986328,0.47199318,-0.00031783915,0.06080385,0.9032902866601944,142,72704,2465.642812311882,1163264
46.29,2.1120000000000005,440,6.585453e-05,0.00030517578,0.4490075,-3.5860183e-05,0.07263481,0.8832571059465408,143,73216,2484.2540317198727,1171456
40.47,2.244,433,0.00025790825,0.006286621,0.4174511,-0.00028494673,0.07222921,0.8805091008543968,144,73728,2503.1654000668786,1179648
39.89,2.29,437,0.00017247112,0.0018310547,0.4576506,-7.135101e-05,0.06387372,0.8979864418506622,145,74240,2521.883313779952,1187840
42.04,2.346,434,0.00016353904,0.003540039,0.45146886,-0.00019958329,0.06444006,0.8921875208616257,146,74752,2540.749788796995,1196032
45.22,2.366,444,0.00012987899,0.0038452148,0.47165856,-0.00010030359,0.05857569,0.9012017250061035,147,75264,2559.162325268844,1204224
42.14,2.32,443,6.4173815e-05,0.0012207031,0.46132112,-1.5129597e-05,0.06870575,0.8824399039149284,148,75776,2577.64106468088,1212416
36.32,2.338,441,0.00013904595,0.0028686523,0.50914425,-0.00020837985,0.06784948,0.8832429051399231,149,76288,2596.1778593808413,1220608
39.4,2.451,445,0.00013536423,0.0025634766,0.46479055,-0.0003201029,0.06705139,0.877911813557148,150,76800,2614.5632262348663,1228800
41.58,2.2580000000000005,436,0.00025339628,0.0072021484,0.42527702,-0.00014662319,0.07023041,0.8887581452727318,151,77312,2633.3460413590074,1236992
46.55,2.2370000000000005,434,0.00022028363,0.010192871,0.43745565,-0.00025396168,0.06915479,0.896165132522583,152,77824,2652.2033247810323,1245184
42.99,2.3819999999999997,437,0.0002374703,0.009643555,0.4396082,-0.00018989026,0.071310714,0.8916610404849052,153,78336,2670.923799905926,1253376
41.92,2.281,435,0.00022659317,0.007507324,0.41742736,-0.00036869012,0.06739633,0.8935731127858162,154,78848,2689.7407213400584,1261568
45.77,2.3520000000000003,445,0.00039058249,0.012207031,0.45367843,-0.00028747588,0.05935915,0.8966829478740692,155,79360,2708.129431003006,1269760
43.3,2.34,440,0.0004055067,0.012512207,0.4287719,-7.926361e-05,0.06708437,0.8927875459194183,156,79872,2726.7233251309954,1277952
43.83,2.387,444,0.00025075447,0.009277344,0.39909548,-0.00014922855,0.061231114,0.9084664508700371,157,80384,2745.156716912985,1286144
39.73,2.3370000000000006,438,0.0008436402,0.0368042,0.40535673,0.0001531278,0.07292967,0.885237954556942,158,80896,2763.8297994800378,1294336
41.65,2.274,434,0.0014709871,0.0345459,0.40823555,-8.800125e-06,0.07007215,0.8844964057207108,159,81408,2782.674249131931,1302528
42.38,2.39,441,0.00027723575,0.00982666,0.41613436,-0.00017981319,0.063219525,0.8965083137154579,160,81920,2801.2346684099175,1310720
42.99,2.349,442,0.00054013584,0.021118164,0.42158687,-0.00026094553,0.055832617,0.8979377150535583,161,82432,2819.7687324949075,1318912
40.25,2.3270000000000004,430,0.00084180024,0.038757324,0.41888738,0.00053564797,0.08505199,0.8822778016328812,162,82944,2838.7847371960524,1327104
43.43,2.327,441,0.0005048118,0.022338867,0.44513527,0.000318154,0.060397737,0.8761014193296432,163,83456,2857.34007619787,1335296
39.03,2.4610000000000003,432,0.00092721696,0.026855469,0.4245335,9.571217e-05,0.07006678,0.8746421635150909,164,83968,2876.2610750249587,1343488
44.69,2.3130000000000006,449,0.00026123165,0.009765625,0.4301282,0.00012402002,0.06699236,0.8815717026591301,165,84480,2894.4710065240506,1351680
44.95,2.3580000000000005,445,0.001027732,0.045288086,0.45489973,0.0006659724,0.07165315,0.8864178508520126,166,84992,2912.845389199909,1359872
40.85,2.4360000000000004,434,0.00083805446,0.02923584,0.42629814,0.00012844393,0.070590824,0.8207576870918274,167,85504,2931.7183047658764,1368064
44.06,2.3360000000000003,434,0.00016920996,0.0032958984,0.47403443,9.581854e-06,0.077693075,0.8609332591295242,168,86016,2950.5680234399624,1376256
41.17,2.380000000000001,441,0.00032989593,0.008300781,0.44830045,-7.249604e-05,0.07383661,0.8736934512853622,169,86528,2969.1209923329297,1384448
41.75,2.2940000000000005,441,0.00043442106,0.01171875,0.4517324,-8.874458e-05,0.06673765,0.8901309221982956,170,87040,2987.6706557029393,1392640
37.76,2.426,429,0.00046214042,0.018310547,0.43060243,-0.0002926035,0.06142227,0.8562318235635757,171,87552,3006.7606637410354,1400832
43.88,2.355,434,0.00079711614,0.02722168,0.4969893,-2.7381873e-05,0.059375778,0.8682879954576492,172,88064,3025.595370735973,1409024
43.98,2.353,431,0.00017646652,0.0033569336,0.46182388,-0.00019018,0.07431048,0.8745434731245041,173,88576,3044.582159295911,1417216
43.4,2.4150000000000005,438,0.00027337004,0.010437012,0.4942402,-0.00010974186,0.07115635,0.850299134850502,174,89088,3063.280457986053,1425408
39.09,2.3780000000000006,425,0.00048477738,0.022460938,0.45929924,-8.42849e-05,0.067516595,0.8527378290891647,175,89600,3082.5178331339266,1433600
45.24,2.471,448,0.00021967314,0.005554199,0.5316794,-0.00015113805,0.06586768,0.8657466173171997,176,90112,3100.780786837917,1441792
47.18,2.2950000000000004,448,0.00031158386,0.011352539,0.51970893,-0.0004653223,0.05649202,0.8748198002576828,177,90624,3119.060580170015,1449984
37.83,2.516,434,0.0003353047,0.011169434,0.5491859,5.863188e-05,0.07293999,0.848238080739975,178,91136,3137.9121904638596,1458176
38.3,2.4090000000000003,429,0.00052633055,0.015991211,0.50792587,3.9760576e-05,0.074299365,0.8435117155313492,179,91648,3156.986993920058,1466368
44.19,2.406,437,0.00032869587,0.010314941,0.5414227,-0.00024299965,0.06970547,0.851311668753624,180,92160,3175.7071773819625,1474560
37.38,2.3820000000000006,434,0.00031935857,0.006958008,0.5724298,-0.00029350905,0.07642001,0.8423452526330948,181,92672,3194.541569449939,1482752
41.08,2.4160000000000004,438,0.00011121802,0.00012207031,0.54282606,-6.46495e-05,0.073086835,0.8371113687753677,182,93184,3213.2142447100487,1490944
45.91,2.475,440,0.00016915213,0.004211426,0.55744153,-0.0002019268,0.07110962,0.8619658052921295,183,93696,3231.8213986400515,1499136
37.62,2.466,438,0.00018114358,0.007446289,0.5539334,-0.0002207337,0.07686334,0.844496101140976,184,94208,3250.5195969960187,1507328
40.35,2.4440000000000004,437,0.0001941176,0.005432129,0.4895184,-0.00034863135,0.07687375,0.8474091440439224,185,94720,3269.257097753929,1515520
40.17,2.3580000000000005,435,0.00018273438,0.0028686523,0.4876472,-0.00023866036,0.07419805,0.8445553630590439,186,95232,3288.071629490936,1523712
37.5,2.474,423,0.00036797748,0.011291504,0.51089805,-0.0004058444,0.07291807,0.8542307168245316,187,95744,3307.397641450865,1531904
45.56,2.38,441,0.00038503745,0.011291504,0.5217711,-2.2666427e-05,0.070945635,0.8540816307067871,188,96256,3325.9578087360132,1540096
40.61,2.546,438,0.0004273344,0.012817383,0.5674217,-0.00028827792,0.080754094,0.8482072800397873,189,96768,3344.654075355036,1548288
37.33,2.426,439,0.00019890709,0.005065918,0.56120634,-0.00021323102,0.07729457,0.8560727089643478,190,97280,3363.3102901349775,1556480
40.2,2.484,425,0.00010163676,0.0014038086,0.48154715,-0.00021778635,0.076869726,0.8509322106838226,191,97792,3382.568019798957,1564672
41.32,2.4250000000000003,434,0.0003563994,0.0126953125,0.51433134,-0.00030290772,0.07408986,0.8543963134288788,192,98304,3401.4239358480554,1572864
34.25,2.541,423,0.00046779407,0.013793945,0.47435457,-0.00012675283,0.085278556,0.805123895406723,193,98816,3420.7748361369595,1581056
43.27,2.406,436,0.00027198376,0.008728027,0.5078123,-3.13879e-05,0.07910399,0.8415118902921677,194,99328,3439.5273296479136,1589248
35.61,2.575,431,0.00021663326,0.005126953,0.46710208,-0.00018854006,0.08040206,0.829775407910347,195,99840,3458.4930219680537,1597440
34.05,2.6459999999999995,424,0.00012328062,0.0015258789,0.52889425,-7.863538e-05,0.07953701,0.8535823374986649,196,100352,3477.7700866588857,1605632
39.66,2.5389999999999997,429,0.00027901737,0.011230469,0.51132995,-0.00029874453,0.077687286,0.8467398434877396,197,100864,3496.8510136459954,1613824
36.68,2.57,426,0.00035852345,0.012268066,0.4678625,-0.00017844295,0.07553607,0.8542139530181885,198,101376,3516.0785406278446,1622016
35.65,2.5610000000000004,428,0.00029205764,0.0095825195,0.45505938,-7.2853116e-05,0.070412606,0.8582553565502167,199,101888,3535.216332867043,1630208
38.13,2.5740000000000003,436,0.00019675282,0.0028686523,0.4607566,-0.00022367892,0.06783873,0.8746376782655716,200,102400,3553.9814864818472,1638400
38.43,2.4850000000000003,432,0.00036034378,0.010253906,0.42141494,-0.0002589838,0.07319541,0.8570468574762344,201,102912,3572.9501522548962,1646592
36.7,2.595,421,0.00021400982,0.008117676,0.41731098,-0.00014526391,0.07523191,0.8417764157056808,202,103424,3592.376318834955,1654784
41.92,2.424,440,0.00019551415,0.0067749023,0.45718902,-0.00022496955,0.071020566,0.8602183014154434,203,103936,3610.9629013079684,1662976
37.93,2.537,423,0.00028406858,0.006164551,0.48748115,-0.00018208908,0.07796312,0.8508105576038361,204,104448,3630.3167603919283,1671168
36.64,2.4819999999999998,427,0.00017172599,0.004760742,0.4275651,-0.00032303497,0.07431037,0.8505010008811951,205,104960,3649.4706022499595,1679360
33.73,2.5150000000000006,417,0.00020326916,0.0053710938,0.41470566,-0.00026122335,0.08785887,0.7995258271694183,206,105472,3669.114389333874,1687552
36.01,2.4690000000000003,421,0.00035828623,0.01361084,0.4115724,-0.0001931832,0.079423875,0.8411800116300583,207,105984,3688.569613578031,1695744
36.15,2.579,427,0.00015003378,0.004333496,0.41786954,4.1901178e-05,0.07711759,0.8606317490339279,208,106496,3707.7114974888973,1703936
35.3,2.5720000000000005,416,0.00014736463,0.0030517578,0.39163095,-8.340736e-05,0.081307776,0.8412486612796783,209,107008,3727.3789170838427,1712128
33.78,2.5669999999999997,427,0.0001790494,0.00390625,0.38847134,5.1441486e-05,0.08195909,0.8342946469783783,210,107520,3746.5338442649227,1720320
35.35,2.6489999999999996,423,0.00066842686,0.025939941,0.4085147,-0.00047729714,0.07716608,0.8473961800336838,211,108032,3765.8713743318804,1728512
37.97,2.461,418,0.00045943886,0.01550293,0.44458783,-0.00025273627,0.07612784,0.8578290641307831,212,108544,3785.4437565119006,1736704
37.89,2.489,422,0.00033504385,0.0071411133,0.4223669,1.1196229e-05,0.08297536,0.8405300229787827,213,109056,3804.8364324830472,1744896
35.92,2.3810000000000002,425,0.0002465473,0.0024414062,0.40996832,5.8045058e-05,0.086086586,0.8225030899047852,214,109568,3824.0856423398945,1753088
34.02,2.529,419,0.00014415765,0.0038452148,0.40411672,2.6661597e-05,0.095122635,0.8077112436294556,215,110080,3843.6124885079917,1761280
36.55,2.5420000000000003,417,0.0002531545,0.0048828125,0.38560414,-0.00019154965,0.08332676,0.8302223682403564,216,110592,3863.245737674879,1769472
40.24,2.536,430,0.0006786418,0.030151367,0.41179502,-0.00041122825,0.07452548,0.8562804162502289,217,111104,3882.2769833130296,1777664
36.45,2.5460000000000007,422,0.00022859851,0.0056762695,0.39665642,6.125138e-05,0.08034525,0.8289057463407516,218,111616,3901.681355210021,1785856
37.1,2.5620000000000003,429,0.00031963683,0.008422852,0.4041562,-0.00033654232,0.07505414,0.8450374901294708,219,112128,3920.7379541490227,1794048
35.74,2.5100000000000002,427,0.00023821555,0.004638672,0.36678174,-0.0001538994,0.07684091,0.8517562001943588,220,112640,3939.9031487698667,1802240
33.58,2.5210000000000004,406,7.4258074e-05,0.0018310547,0.36772376,-9.896615e-05,0.08163349,0.8254491090774536,221,113152,3960.0326384399086,1810432
39.16,2.5170000000000003,424,0.00020676681,0.0079956055,0.3952483,-0.00016078848,0.06488178,0.8709133863449097,222,113664,3979.330954428995,1818624
39.35,2.57,434,0.00019101129,0.0040893555,0.4027126,-4.4576387e-05,0.07848882,0.8889413103461266,223,114176,3998.163722096011,1826816
36.59,2.5210000000000004,422,0.0011397243,0.053833008,0.43352267,0.00026498485,0.06814026,0.8707206696271896,224,114688,4017.554043155862,1835008
35.0,2.6540000000000004,423,0.0011188623,0.030517578,0.39450163,0.0011788222,0.05809454,0.8889001756906509,225,115200,4036.919824223034,1843200
34.53,2.6310000000000002,421,0.0016664488,0.043395996,0.36410832,0.0004532239,0.0697744,0.8777804300189018,226,115712,4056.3385462430306,1851392
32.03,2.5610000000000004,416,0.0015283246,0.06060791,0.41691953,0.0009806948,0.0719253,0.8876518085598946,227,116224,4076.005430032965,1859584
35.51,2.492,427,0.0007252429,0.0234375,0.39270335,-2.1954766e-06,0.07644591,0.8833696246147156,228,116736,4095.1830121220555,1867776
32.03,2.514,422,0.000843188,0.026306152,0.38002098,-4.173926e-06,0.07797375,0.8736803233623505,229,117248,4114.5808797259815,1875968
36.07,2.64,427,0.00028107042,0.008117676,0.42492244,-0.00020103628,0.09031383,0.870077595114708,230,117760,4133.755345328944,1884160
36.25,2.5669999999999997,425,0.0013002376,0.05407715,0.39974108,0.00052417064,0.08322982,0.8572536259889603,231,118272,4152.999524175888,1892352
31.42,2.701,434,0.00087218353,0.034606934,0.385879,0.0003767141,0.08091467,0.8443853259086609,232,118784,4171.850465734024,1900544
34.49,2.562,427,0.00038524042,0.011291504,0.40174177,-0.00025826204,0.0773552,0.8585842996835709,233,119296,4191.03405128303,1908736
41.58,2.512,430,0.00092004496,0.021911621,0.3813393,0.00020852571,0.08020893,0.8885618150234222,234,119808,4210.044336994877,1916928
33.2,2.623,420,0.00068328425,0.027160645,0.38989004,0.0008070567,0.085857905,0.8685143440961838,235,120320,4229.547920794925,1925120
33.87,2.628,426,0.00047509075,0.01739502,0.37410703,-7.718116e-05,0.06895059,0.8589988499879837,236,120832,4248.741605541902,1933312
36.02,2.443,438,0.0004045226,0.013793945,0.4142873,0.00021214006,0.07535344,0.8572919070720673,237,121344,4267.442258373834,1941504
31.89,2.6220000000000003,450,0.0007955277,0.028137207,0.3695438,0.00037213424,0.08096111,0.8410296887159348,238,121856,4285.6445760319475,1949696
35.7,2.599,449,0.00075907866,0.0154418945,0.37222326,0.0002728425,0.06607564,0.855332687497139,239,122368,4303.865836772835,1957888
33.55,2.6239999999999997,450,0.0005952513,0.02142334,0.43559146,0.0003920712,0.06595243,0.8821783438324928,240,122880,4322.0527926010545,1966080
29.3,2.717,424,0.0003462073,0.0138549805,0.3946628,-0.0001814978,0.07370745,0.8581905663013458,241,123392,4341.340964284027,1974272
33.77,2.6660000000000004,422,0.00060195534,0.024414062,0.39987788,-0.00014288742,0.065602005,0.8882133662700653,242,123904,4360.731056601973,1982464
32.03,2.647,416,0.00023428434,0.005493164,0.41024765,-9.643934e-05,0.067780435,0.8567922115325928,243,124416,4380.403397029964,1990656
38.21,2.524,419,0.0005117638,0.014892578,0.40906554,-0.00024684973,0.06873093,0.8686563372612,244,124928,4399.938212496927,1998848
33.95,2.551,421,0.0025410058,0.04510498,0.37474272,0.0020773893,0.07828214,0.8627079427242279,245,125440,4419.358921953943,2007040
35.24,2.5560000000000005,418,0.0006928903,0.019836426,0.3624114,0.0007596158,0.08510521,0.8760499507188797,246,125952,4438.929951458005,2015232
35.45,2.532,421,0.00071157573,0.02142334,0.41969073,3.998523e-05,0.070679545,0.8510710597038269,247,126464,4458.34710382903,2023424
37.38,2.583,427,0.0009016184,0.029296875,0.4009086,-0.00015132377,0.06901379,0.8621070981025696,248,126976,4477.5298183239065,2031616
31.58,2.591,418,0.0007205279,0.02508545,0.38262576,0.00042823874,0.06668554,0.8604767024517059,249,127488,4497.098626311868,2039808
35.43,2.637,415,0.00067791087,0.029052734,0.38253626,-0.00034180807,0.07244287,0.868346631526947,250,128000,4516.802471801871,2048000
35.0,2.592,427,0.0011785778,0.043518066,0.3666927,-3.4452256e-05,0.077583954,0.8866594731807709,251,128512,4535.985021187924,2056192
38.13,2.597,420,0.00034246786,0.007873535,0.40597683,0.0002660859,0.0753115,0.8969816416501999,252,129024,4555.478040718939,2064384
32.24,2.5639999999999996,414,0.00026004307,0.0059814453,0.40533167,-8.7400476e-05,0.06395496,0.8864750787615776,253,129536,4575.219679201022,2072576
34.31,2.6070000000000007,416,0.00053775706,0.010864258,0.34500733,-0.0001764759,0.059054002,0.8892150074243546,254,130048,4594.869470461039,2080768
36.05,2.612,418,0.0009083279,0.021362305,0.38653606,0.00051400275,0.061139446,0.9129301905632019,255,130560,4614.432334840996,2088960
32.13,2.6609999999999996,417,0.00042735093,0.016052246,0.3512997,0.00018589143,0.07019793,0.8732201755046844,256,131072,4634.033852454973,2097152
40.95,2.5629999999999997,420,0.00027891312,0.004638672,0.3475724,-7.083404e-05,0.066377304,0.8937932178378105,257,131584,4653.504544572905,2105344
33.04,2.641,415,0.00044243596,0.01373291,0.33883864,-0.00017849632,0.06301669,0.884614571928978,258,132096,4673.199492502958,2113536
31.85,2.6120000000000005,407,0.00018263512,0.004272461,0.3615862,-0.00015246189,0.06892971,0.8854464292526245,259,132608,4693.301937313983,2121728
34.51,2.573,413,0.00030787697,0.008605957,0.3353311,-0.00010953171,0.06408036,0.8939014077186584,260,133120,4713.135883455863,2129920
32.63,2.592,414,0.0004291198,0.008728027,0.33020613,3.2194657e-06,0.06666038,0.8832648247480392,261,133632,4732.92091925093,2138112
33.08,2.617,409,0.00016964308,0.0052490234,0.32639197,-2.7708767e-05,0.06414835,0.8795064762234688,262,134144,4752.904436151031,2146304
32.67,2.7020000000000004,419,0.00019398378,0.006164551,0.32338732,-0.00018463215,0.06328757,0.8930334150791168,263,134656,4772.414062191965,2154496
31.48,2.717,418,0.00023224985,0.008056641,0.3011678,6.24994e-05,0.06662561,0.8810043558478355,264,135168,4792.004073804943,2162688
32.01,2.707,408,0.00010766479,0.0014648438,0.32526714,-7.1814575e-05,0.05811939,0.8946292623877525,265,135680,4812.080808109837,2170880
33.48,2.691,420,0.00016680843,0.0031738281,0.30305007,-0.00020603716,0.059273485,0.8951634019613266,266,136192,4831.576536862878,2179072
36.28,2.609,417,0.00017882235,0.002746582,0.29437813,2.5165864e-05,0.05409392,0.913858026266098,267,136704,4851.218769685831,2187264
35.03,2.563,418,6.0888957e-05,0.0017089844,0.29668754,-0.000100893565,0.06204046,0.9017703756690025,268,137216,4870.808563212864,2195456
35.64,2.611,425,0.00048043887,0.021728516,0.2846782,-0.00041898855,0.06715667,0.8936611488461494,269,137728,4890.058532224037,2203648
32.46,2.6850000000000005,421,0.0005743408,0.018676758,0.30555788,-0.00033737344,0.05877837,0.907280832529068,270,138240,4909.489533258835,2211840
35.67,2.641000000000001,446,0.0002446458,0.005432129,0.30917838,-2.6890368e-05,0.04995861,0.9240662753582001,271,138752,4927.8254547868855,2220032
35.91,2.58,450,0.0002902886,0.011413574,0.28462377,-9.550061e-05,0.060318485,0.8986772820353508,272,139264,4946.001744627953,2228224
34.49,2.6490000000000005,421,0.0002872902,0.011413574,0.26871052,-0.00011578735,0.053702403,0.9041305035352707,273,139776,4965.452538834885,2236416
32.74,2.691,416,0.00018747126,0.0045776367,0.27471212,-3.1811272e-05,0.065653734,0.8831918612122536,274,140288,4985.141934968997,2244608
31.9,2.7420000000000004,424,0.0001950255,0.0067749023,0.25879675,6.758857e-05,0.06359516,0.8957915157079697,275,140800,5004.4507424179465,2252800
35.09,2.6719999999999997,411,0.0002762237,0.012634277,0.26827687,-9.719697e-05,0.05081,0.9133974611759186,276,141312,5024.343884009868,2260992
34.41,2.6879999999999997,413,0.00035929674,0.013793945,0.2867678,-0.00022335665,0.053630028,0.9087350368499756,277,141824,5044.160705724964,2269184
32.42,2.679,406,0.0003065823,0.012145996,0.31360686,-6.2661275e-05,0.064667165,0.8873967826366425,278,142336,5064.316377925919,2277376
33.92,2.597,420,0.00024841292,0.0060424805,0.31750056,-7.459226e-05,0.061994985,0.9006685838103294,279,142848,5083.802532471018,2285568
34.28,2.717,413,0.00045346722,0.014282227,0.30952913,-0.00021281539,0.06010277,0.8985243588685989,280,143360,5103.597894202918,2293760
33.56,2.68,415,0.00032892902,0.008666992,0.33407405,1.3731944e-05,0.052745946,0.9085470512509346,281,143872,5123.324074523058,2301952
35.7,2.5170000000000003,422,0.0003485335,0.01159668,0.343773,-8.092454e-05,0.062387638,0.8910940587520599,282,144384,5142.715042664902,2310144
34.22,2.591,429,0.0001511379,0.0037841797,0.35498363,-0.00018092088,0.0636473,0.8912584856152534,283,144896,5161.77703211084,2318336
32.17,2.6920000000000006,420,0.00029455504,0.013122559,0.35175726,-0.00021072829,0.05490358,0.9124689400196075,284,145408,5181.264582713833,2326528
35.97,2.6010000000000004,414,0.00023950794,0.0060424805,0.3668051,-0.00024357464,0.061014738,0.9018856137990952,285,145920,5201.0411221559625,2334720
35.37,2.517,417,0.00024191465,0.0067749023,0.35713518,-0.00012556002,0.07080388,0.8804361149668694,286,146432,5220.661893941928,2342912
32.61,2.61,419,0.00015897318,0.00091552734,0.3416337,6.550006e-05,0.058044583,0.8930138275027275,287,146944,5240.197023717919,2351104
33.58,2.6189999999999998,421,0.00022666316,0.005432129,0.35626435,-7.32856e-05,0.057573065,0.9032561630010605,288,147456,5259.649365414865,2359296
32.16,2.6489999999999996,416,0.00037708876,0.011657715,0.36379966,-0.00018787767,0.060129594,0.8957255110144615,289,147968,5279.313519338844,2367488
31.74,2.67,411,0.00020683631,0.0049438477,0.40340197,-0.00019648511,0.05613791,0.895932637155056,290,148480,5299.219800265972,2375680
35.64,2.6070000000000007,417,0.000259682,0.012451172,0.35479602,-0.00025730015,0.065668955,0.8833702802658081,291,148992,5318.830217774026,2383872
33.58,2.7089999999999996,434,0.00021168469,0.0064086914,0.3617854,-0.00015399349,0.06754652,0.8719719052314758,292,149504,5337.6665823748335,2392064
31.95,2.6159999999999997,424,0.00023524271,0.0048217773,0.36436054,0.00012484434,0.055293284,0.9047500714659691,293,150016,5356.975702408934,2400256
31.73,2.6420000000000003,413,0.00013074133,0.0015258789,0.35555086,-7.529219e-05,0.058146484,0.9041010215878487,294,150528,5376.800090188859,2408448
35.33,2.576,414,0.00038311852,0.009216309,0.3265331,-0.00015201642,0.0656148,0.8972231447696686,295,151040,5396.544850361999,2416640
41.3,2.5540000000000003,418,0.00016142565,0.0043945312,0.36948168,4.069005e-05,0.05827068,0.9138253405690193,296,151552,5416.097700956045,2424832
34.89,2.5410000000000004,414,0.0003246578,0.014404297,0.3399192,-0.00023470509,0.06439495,0.8902485966682434,297,152064,5435.8461440259125,2433024
34.39,2.667,410,0.00032817782,0.012207031,0.33732367,-0.00013839162,0.055914257,0.9043927863240242,298,152576,5455.8085874610115,2441216
33.62,2.661,412,0.00016575179,0.0044555664,0.3336195,-0.00016029418,0.062878184,0.8826673626899719,299,153088,5475.655975149944,2449408
32.95,2.7119999999999997,443,0.00016969473,0.0052490234,0.31237382,-0.00012675262,0.04809415,0.9194641560316086,300,153600,5494.121540538967,2457600
35.08,2.635,434,0.00015878922,0.0040893555,0.32523394,6.102919e-05,0.058824763,0.9040367528796196,301,154112,5512.988490972901,2465792
33.48,2.605,418,0.00016441892,0.0048217773,0.3432418,-0.00016966324,0.06580602,0.8894267454743385,302,154624,5532.5554305538535,2473984
35.78,2.572,417,0.00041862947,0.009155273,0.30999902,-0.000231098,0.06285972,0.8918923884630203,303,155136,5552.197027968941,2482176
34.69,2.717,420,0.00015968802,0.0037231445,0.2986045,-0.00015258175,0.060429655,0.8958249017596245,304,155648,5571.6570144938305,2490368
33.4,2.687,418,0.0004877199,0.014953613,0.30938825,-6.55044e-05,0.055009287,0.9063542634248734,305,156160,5591.252462364966,2498560
33.88,2.6759999999999997,409,0.00039113167,0.012878418,0.2893235,-6.6970446e-05,0.054569848,0.9128028824925423,306,156672,5611.274355561007,2506752
34.56,2.615,417,0.00036847114,0.016357422,0.28546274,-0.00017205997,0.06264308,0.8956820592284203,307,157184,5630.904480527854,2514944
37.28,2.64,415,0.00032298436,0.008239746,0.318627,5.527574e-06,0.058720436,0.9052219092845917,308,157696,5650.606933161849,2523136
36.1,2.6090000000000004,414,0.00018752528,0.0028076172,0.3366239,6.397275e-05,0.057029232,0.9061285331845284,309,158208,5670.37137388601,2531328
32.49,2.6429999999999993,414,0.00010034597,0.0033569336,0.3094618,1.5339698e-05,0.06529694,0.8917340114712715,310,158720,5690.114739828045,2539520
32.71,2.696,419,0.00017151993,0.006958008,0.288244,-0.00010045359,0.047982983,0.9155738204717636,311,159232,5709.664380882867,2547712
34.14,2.65,415,0.00051924615,0.018493652,0.29817513,-7.804297e-05,0.059684847,0.9004907086491585,312,159744,5729.375662453938,2555904
33.88,2.6379999999999995,406,0.00023571416,0.0076904297,0.32272854,-2.8233044e-06,0.056016885,0.9014973640441895,313,160256,5749.509104318917,2564096
39.16,2.5540000000000003,418,0.00013520112,0.00390625,0.34956452,-0.00019389753,0.06300881,0.8954222723841667,314,160768,5769.088383419905,2572288
34.79,2.654,419,0.00041621196,0.0138549805,0.32619482,-0.0001480515,0.052706283,0.915157675743103,315,161280,5788.609172055963,2580480
34.77,2.6290000000000004,417,7.543397e-05,0.0033569336,0.2932276,-0.000101688405,0.05864838,0.9088220819830894,316,161792,5808.220500190044,2588672
35.13,2.585,410,0.00013893229,0.0026855469,0.29413387,-9.804111e-05,0.06720052,0.8818065226078033,317,162304,5828.182223470882,2596864
34.02,2.6660000000000004,408,9.110251e-05,0.00030517578,0.3036628,-3.2743264e-06,0.06034012,0.8949109986424446,318,162816,5848.224659782834,2605056
34.77,2.5850000000000004,415,0.00014139143,0.0040283203,0.31953928,-0.000114696275,0.06689131,0.8893397301435471,319,163328,5867.942624429008,2613248
34.75,2.5900000000000007,416,0.00032150486,0.0126953125,0.31244725,-0.00015362477,0.06456078,0.8973856270313263,320,163840,5887.595261527924,2621440
31.46,2.7350000000000008,422,0.00028674817,0.0073242188,0.32241818,-5.8421865e-06,0.06030857,0.9036669731140137,321,164352,5906.973289964022,2629632
31.79,2.5580000000000003,398,0.0003001138,0.010437012,0.324337,-0.00036222764,0.07045882,0.87714022397995,322,164864,5927.552559919888,2637824
30.06,2.765,408,0.00054846634,0.025634766,0.30836973,-0.00020232936,0.062395327,0.8782518953084946,323,165376,5947.620232425863,2646016
33.02,2.7060000000000004,411,0.00029929748,0.005554199,0.31561252,6.157509e-05,0.05137049,0.9032179191708565,324,165888,5967.507578933844,2654208
32.9,2.665,410,0.00026265206,0.007019043,0.31274688,-0.00016317965,0.06616382,0.8891292735934258,325,166400,5987.445609788876,2662400
31.68,2.6039999999999996,416,0.00042712616,0.012207031,0.34757105,-0.00012337329,0.05878945,0.8912708386778831,326,166912,6007.108453448862,2670592
31.15,2.5980000000000003,411,0.00037327595,0.014770508,0.34269354,-2.4568115e-05,0.060117733,0.8900307044386864,327,167424,6027.036858743057,2678784
32.54,2.662,417,0.00011888331,0.0016479492,0.3646147,2.3768225e-06,0.05984144,0.8842540234327316,328,167936,6046.678274099017,2686976
33.99,2.5980000000000003,413,0.00036997467,0.008056641,0.34679085,0.00021795911,0.062236354,0.8883908912539482,329,168448,6066.510000122013,2695168
36.87,2.653,414,0.00040149892,0.01586914,0.38523358,-0.00018349817,0.051154573,0.9122068732976913,330,168960,6086.255557307042,2703360
33.79,2.701,417,0.0006580241,0.027954102,0.33413917,4.4514178e-05,0.053602707,0.9087523147463799,331,169472,6105.872544141952,2711552
33.61,2.615,449,0.0002543699,0.008728027,0.364614,-0.0003460992,0.06289381,0.8951999396085739,332,169984,6124.078613396967,2719744
32.49,2.6920000000000006,420,0.0002658678,0.00390625,0.32251227,-0.00012863413,0.055657852,0.8995886966586113,333,170496,6143.573387998855,2727936
31.25,2.7089999999999996,407,0.00031308204,0.0095825195,0.32490796,-0.0003090246,0.05652654,0.8931583389639854,334,171008,6163.700786364963,2736128
31.76,2.7140000000000004,424,0.0002270305,0.0068969727,0.3082633,-9.282789e-05,0.05055389,0.9114351645112038,335,171520,6183.009686214849,2744320
33.27,2.507,420,0.00036753682,0.012573242,0.3156525,9.488099e-05,0.07417602,0.8864205181598663,336,172032,6202.478870095918,2752512
35.5,2.5470000000000006,413,0.00035328922,0.011352539,0.29029474,-0.00017794326,0.05791404,0.9053684249520302,337,172544,6222.2746725759935,2760704
32.55,2.648,407,0.00032916185,0.010620117,0.2910797,1.0636824e-05,0.061001323,0.9003066793084145,338,173056,6242.399873297894,2768896
31.37,2.7569999999999997,409,0.00028967706,0.012512207,0.28900483,-0.0002001171,0.0514229,0.9091368019580841,339,173568,6262.426220617956,2777088
32.24,2.7470000000000003,414,0.00027313625,0.0048828125,0.308899,4.122703e-05,0.06004385,0.8959183245897293,340,174080,6282.188821727876,2785280
30.97,2.744,414,0.00015599304,0.00579834,0.29722401,-0.00034629172,0.063920304,0.8930421620607376,341,174592,6301.945387426997,2793472
35.18,2.6890000000000005,420,0.00024940944,0.006164551,0.33005783,1.0947435e-05,0.054594062,0.9147116541862488,342,175104,6321.427802975988,2801664
32.9,2.6579999999999995,420,0.00019729893,0.0056152344,0.31407297,-7.83696e-05,0.049790885,0.9135706797242165,343,175616,6340.919312885031,2809856
32.48,2.639,405,0.0002725174,0.0107421875,0.33471757,-0.00020344925,0.05385637,0.8953114748001099,344,176128,6361.109222835861,2818048
32.94,2.6639999999999997,424,0.00018386255,0.0057373047,0.332567,-4.2540894e-05,0.04848171,0.9181007593870163,345,176640,6380.412934341934,2826240
34.75,2.6050000000000004,417,0.00018612017,0.0048217773,0.33170104,-0.00014631884,0.0494423,0.9184321090579033,346,177152,6400.05469644093,2834432
35.3,2.609,415,0.00044592848,0.015625,0.31760517,-0.00017539135,0.062364493,0.9014467895030975,347,177664,6419.754682445899,2842624
32.07,2.74,433,0.00038818194,0.014343262,0.32818744,-6.766367e-05,0.058014054,0.894071102142334,348,178176,6438.652533060871,2850816
32.3,2.6430000000000002,417,0.00027626066,0.0067749023,0.32638124,-0.0001181158,0.061060287,0.8898647800087929,349,178688,6458.252414774848,2859008
33.6,2.678,410,0.0001640273,0.0056762695,0.33520555,-4.2298925e-05,0.053145565,0.9045561030507088,350,179200,6478.221329024993,2867200
31.61,2.6090000000000004,405,0.00018153677,0.0095825195,0.33484125,-0.00013095328,0.064864,0.8818376064300537,351,179712,6498.404516773997,2875392
36.6,2.662,414,0.00036993783,0.012329102,0.3735206,-7.935523e-05,0.06593503,0.8829473182559013,352,180224,6518.181510543916,2883584
33.05,2.641,411,0.0007430011,0.034240723,0.3174928,0.0002760682,0.053982336,0.8952797502279282,353,180736,6538.087340761907,2891776
33.65,2.57,412,0.00065076875,0.027832031,0.3109335,0.00020720653,0.061608784,0.891764685511589,354,181248,6557.947130214889,2899968
33.22,2.775,409,0.0003499304,0.013793945,0.3161642,7.728921e-05,0.061053097,0.9084621220827103,355,181760,6577.969856495038,2908160
32.88,2.675,412,0.0005611192,0.021911621,0.30746716,-0.00011382764,0.056021105,0.8860733732581139,356,182272,6597.843838068889,2916352
31.9,2.599,421,0.00027083015,0.0115356445,0.29018068,0.00015875799,0.06692943,0.8674321174621582,357,182784,6617.257829020964,2924544
31.84,2.563,403,0.0003872129,0.010498047,0.3143823,0.00053270697,0.08042162,0.8437104374170303,358,183296,6637.539038239047,2932736
34.4,2.679,416,0.0006782236,0.029052734,0.2869816,-3.4152123e-05,0.08425125,0.8973000645637512,359,183808,6657.186775604961,2940928
34.45,2.7569999999999997,409,0.00020545459,0.006225586,0.29767895,4.4378714e-05,0.06352897,0.8527701050043106,360,184320,6677.173915848834,2949120
31.13,2.7320000000000007,417,0.0002495936,0.009765625,0.30967438,-3.593156e-05,0.06534329,0.8905836939811707,361,184832,6696.808231028961,2957312
37.84,2.6470000000000002,425,0.0004140727,0.010314941,0.31562036,-6.758502e-05,0.06422884,0.900854304432869,362,185344,6716.068708944833,2965504
33.74,2.6590000000000003,417,0.00040691646,0.019592285,0.30901474,-0.00013849535,0.055351045,0.8814961016178131,363,185856,6735.686075394973,2973696
35.14,2.5940000000000003,415,0.00077037804,0.027770996,0.28456643,0.00046878267,0.059243828,0.8801664784550667,364,186368,6755.3865206588525,2981888
39.2,2.5820000000000003,419,0.00049430504,0.020019531,0.33598775,-0.00031691388,0.061156098,0.8959116488695145,365,186880,6774.8966553579085,2990080
31.23,2.713,414,0.00028688816,0.008911133,0.3178346,-0.0002265624,0.06661699,0.861415684223175,366,187392,6794.669557027053,2998272
32.9,2.72,408,0.00027865949,0.012268066,0.3011549,6.938595e-05,0.05611809,0.8800871670246124,367,187904,6814.732205125969,3006464
32.74,2.756,419,0.00020831093,0.0049438477,0.3151866,3.639466e-05,0.05558516,0.8832952156662941,368,188416,6834.276280141901,3014656
32.59,2.714,403,0.0003155655,0.008850098,0.3168768,-0.00011440145,0.0649119,0.8502730429172516,369,188928,6854.561786366859,3022848
32.93,2.6590000000000003,423,0.00080751826,0.028869629,0.29406792,-0.00027505305,0.060721636,0.8750466033816338,370,189440,6873.899000016972,3031040
33.26,2.5780000000000003,403,0.00014047764,0.002380371,0.2900107,6.5250235e-05,0.064554565,0.8573286831378937,371,189952,6894.208474799059,3039232
33.01,2.583,407,0.001070378,0.040161133,0.27983776,-0.00010776348,0.06815548,0.8508784025907516,372,190464,6914.2907348109875,3047424
32.86,2.658,417,0.00041926815,0.014831543,0.28473824,9.090407e-06,0.063946895,0.8588220626115799,373,190976,6933.907646642998,3055616
33.29,2.73,408,0.0002792904,0.0063476562,0.2763365,6.986757e-05,0.055317953,0.88603825122118,374,191488,6953.9850378949195,3063808
31.23,2.6570000000000005,402,0.0002026117,0.008422852,0.2886372,-5.2514893e-05,0.063735165,0.8508128076791763,375,192000,6974.328094699886,3072000
31.45,2.66,412,0.00034154102,0.009399414,0.31322932,6.200737e-05,0.058426477,0.8757008165121078,376,192512,6994.197840564884,3080192
34.32,2.5610000000000004,409,0.00027168056,0.006164551,0.34217605,6.217495e-05,0.06603399,0.8559812903404236,377,193024,7014.189888449851,3088384
31.96,2.659,406,0.00047891735,0.014587402,0.31059444,-1.2754448e-05,0.059472013,0.8717449605464935,378,193536,7034.355292754015,3096576
32.44,2.7409999999999997,408,0.00030550963,0.011352539,0.31812552,-9.581265e-05,0.058074918,0.8777310624718666,379,194048,7054.433752108831,3104768
33.18,2.6,410,0.000178583,0.0056152344,0.30193508,7.725878e-05,0.06745336,0.8586924225091934,380,194560,7074.382198954932,3112960
33.4,2.718000000000001,405,0.0005057758,0.01928711,0.31469795,-0.00012494955,0.059115823,0.8652262836694717,381,195072,7094.584729400929,3121152
33.63,2.704,410,0.00027693837,0.007385254,0.30280787,-8.3136256e-05,0.057777703,0.8779193311929703,382,195584,7114.524216433056,3129344
33.1,2.66,412,0.00018753973,0.006225586,0.30316862,-0.0001145867,0.06268935,0.8654640316963196,383,196096,7134.397593019996,3137536
33.43,2.698,408,0.00012695168,0.0028686523,0.28949857,2.5295405e-05,0.056747805,0.8822532370686531,384,196608,7154.427915523993,3145728
30.32,2.694,406,0.0002449577,0.0061035156,0.31442142,-8.286297e-06,0.06411131,0.8351627290248871,385,197120,7174.58182337787,3153920
32.01,2.635,412,0.00017983525,0.0036621094,0.30003193,7.429195e-05,0.0602491,0.8681993633508682,386,197632,7194.443587336922,3162112
36.06,2.718,416,0.0003348687,0.013122559,0.34150234,-0.000100865116,0.06075069,0.8702017664909363,387,198144,7214.133434837917,3170304
35.56,2.603,421,0.00019376898,0.003479004,0.30902866,7.831854e-05,0.053417988,0.8967543914914131,388,198656,7233.582284973003,3178496
35.62,2.5660000000000003,419,0.00038709037,0.0067749023,0.33474672,8.179684e-05,0.063900106,0.8756297826766968,389,199168,7253.1145173308905,3186688
33.32,2.641,410,0.00015357521,0.0068969727,0.31550613,-0.00014518786,0.06007576,0.8752631545066833,390,199680,7273.0475654129405,3194880
33.01,2.6910000000000003,406,0.00028362678,0.006652832,0.29897144,-0.00024021212,0.057731025,0.8849689438939095,391,200192,7293.217876089038,3203072
33.8,2.631,412,0.0001507071,0.0020141602,0.300496,-1.2135279e-05,0.061404902,0.880329430103302,392,200704,7313.058155616978,3211264
31.57,2.6040000000000005,406,0.00025868334,0.00982666,0.30118108,3.9224076e-05,0.062427986,0.8551113307476044,393,201216,7333.204347316874,3219456
37.43,2.65,419,0.00036065455,0.010681152,0.33388638,0.00024856135,0.056601662,0.8951184749603271,394,201728,7352.711288091959,3227648
33.97,2.6890000000000005,420,0.00034938316,0.00970459,0.32076797,-5.270334e-05,0.061541036,0.8818994387984276,395,202240,7372.194841434946,3235840
32.41,2.7079999999999997,408,0.0006198295,0.015258789,0.3183334,0.0004960141,0.05957628,0.874719500541687,396,202752,7392.244883944048,3244032
35.38,2.595,410,0.00054544257,0.01739502,0.26126122,-0.00024375055,0.055487856,0.8925558477640152,397,203264,7412.194535730872,3252224
34.36,2.655,408,0.00018591635,0.005126953,0.29460457,3.8350612e-05,0.067487,0.8490544855594635,398,203776,7432.249881085008,3260416
32.54,2.7439999999999998,415,0.0005914717,0.022216797,0.27863306,0.00023659632,0.06548288,0.8590465039014816,399,204288,7451.977143871831,3268608
30.91,2.6889999999999996,408,0.00039468356,0.0234375,0.29711515,-0.00032546106,0.06340089,0.8650562912225723,400,204800,7472.010655111866,3276800
31.18,2.64,419,0.00037517192,0.012939453,0.27607423,0.00016653573,0.06761577,0.8527815937995911,401,205312,7491.573961413,3284992
33.2,2.6220000000000003,412,0.00035729443,0.013916016,0.28842303,7.8201265e-06,0.06360741,0.8601708263158798,402,205824,7511.414145648945,3293184
34.74,2.7179999999999995,411,0.00038822263,0.008239746,0.2722193,4.051246e-05,0.060479578,0.8699560016393661,403,206336,7531.322956538992,3301376
36.94,2.647,415,0.00022275795,0.005432129,0.3244875,-6.777105e-05,0.056601338,0.8920496851205826,404,206848,7551.02949498198,3309568
32.62,2.6820000000000004,413,0.00037669408,0.0099487305,0.27899593,-0.00016039418,0.054185487,0.8758917823433876,405,207360,7570.8476861140225,3317760
35.42,2.6209999999999996,409,0.00038583964,0.012512207,0.31884333,-8.223145e-05,0.060155474,0.8878466710448265,406,207872,7590.8505456689745,3325952
34.59,2.6040000000000005,411,0.00038004984,0.014892578,0.27547213,-4.702364e-05,0.06403671,0.8729434311389923,407,208384,7610.740583898965,3334144
32.55,2.654,412,0.00014938155,0.0036010742,0.29038614,-8.03124e-05,0.06120821,0.8845830485224724,408,208896,7630.58203495387,3342336
32.94,2.6409999999999996,417,0.00044621772,0.017089844,0.26847446,-0.00015541006,0.060746383,0.8779612332582474,409,209408,7650.225777565036,3350528
31.57,2.66,414,0.0002837252,0.013122559,0.30640098,-8.307786e-05,0.059780866,0.879382386803627,410,209920,7669.975524540991,3358720
33.14,2.7159999999999997,417,0.00035491388,0.011779785,0.30650678,-9.4973104e-05,0.052585542,0.8932995274662971,411,210432,7689.603994610021,3366912
34.7,2.627,418,0.00044591646,0.007446289,0.31863612,-3.9440492e-06,0.0556088,0.8973820433020592,412,210944,7709.17524224706,3375104
31.85,2.7179999999999995,409,0.0007183958,0.016113281,0.31346375,0.0004983244,0.06140874,0.8670915961265564,413,211456,7729.169792515924,3383296
33.91,2.67,413,0.0007607694,0.013793945,0.32815787,7.139807e-05,0.05702452,0.8951994478702545,414,211968,7748.989839910995,3391488
34.15,2.609,443,0.00012134174,0.0026855469,0.30454603,-5.3648837e-05,0.06596267,0.8575503081083298,415,212480,7767.451856701868,3399680
34.17,2.7220000000000004,438,0.00030790924,0.008300781,0.28787112,3.3653603e-05,0.055572446,0.8944097235798836,416,212992,7786.130302744918,3407872
31.23,2.7119999999999997,411,0.00023373774,0.005493164,0.31570727,1.6140373e-05,0.05853463,0.874480202794075,417,213504,7806.053996057017,3416064
33.56,2.7409999999999997,414,0.0001857199,0.0040283203,0.31904203,-0.00019299111,0.05791391,0.8743221610784531,418,214016,7825.821403977927,3424256
34.2,2.713,414,0.0002914181,0.008544922,0.32475537,-0.00015886518,0.055423822,0.8915779069066048,419,214528,7845.5692288030405,3432448
34.19,2.615,408,0.00035256502,0.0126953125,0.31996,-7.245751e-05,0.06247261,0.8684152513742447,420,215040,7865.627059033839,3440640
33.9,2.7270000000000003,410,0.00016756664,0.0041503906,0.3273272,3.7648715e-05,0.056727134,0.882763996720314,421,215552,7885.5681520369835,3448832
31.54,2.543,406,0.00032418367,0.008117676,0.35364118,-0.00017831457,0.061699606,0.8581046909093857,422,216064,7905.719179918058,3457024
34.39,2.6310000000000002,436,0.00022783763,0.0064086914,0.3431317,-0.00011600308,0.06279816,0.86993707716465,423,216576,7924.471335789887,3465216
35.17,2.6140000000000003,426,0.00047587696,0.015686035,0.31424466,0.00014368599,0.048870765,0.913337841629982,424,217088,7943.685042066034,3473408
34.47,2.5450000000000004,421,0.00026376086,0.007873535,0.331967,-6.208828e-05,0.06092366,0.8860209658741951,425,217600,7963.134308611043,3481600
31.34,2.674,408,0.0002426373,0.0061035156,0.35030043,-0.00021207414,0.06151287,0.8722207993268967,426,218112,7983.173730715876,3489792
32.7,2.684,415,0.00058876106,0.024291992,0.33893728,-0.00017166729,0.059940726,0.8701382875442505,427,218624,8002.909098256845,3497984
32.74,2.6719999999999993,410,0.00022744287,0.012451172,0.37417823,-0.0001321873,0.053486876,0.8889575228095055,428,219136,8022.875804299023,3506176
33.1,2.675,415,0.00057203724,0.016296387,0.33439857,-4.3878128e-05,0.05929071,0.8844695091247559,429,219648,8042.599071837962,3514368
33.14,2.647,411,0.00013130085,0.003967285,0.34480467,-4.0735176e-05,0.064618334,0.8705089837312698,430,220160,8062.495788068045,3522560
33.9,2.6920000000000006,409,0.0007163061,0.028564453,0.35064107,0.0007958757,0.057313643,0.884485699236393,431,220672,8082.503579762997,3530752
32.41,2.6750000000000007,410,0.0019838025,0.080566406,0.33857292,0.0014512981,0.059942696,0.8460523337125778,432,221184,8102.450412570033,3538944
31.1,2.5830000000000006,401,0.001762141,0.07421875,0.35192117,0.0007356476,0.05423288,0.8883380591869354,433,221696,8122.845155277988,3547136
33.62,2.648,448,0.0017790888,0.06726074,0.31796992,0.0014463101,0.050125923,0.9043079167604446,434,222208,8141.105339057045,3555328
32.01,2.761,447,0.0014604186,0.059509277,0.34882107,0.0010202611,0.05334232,0.8817257881164551,435,222720,8159.405589103932,3563520
32.21,2.735,445,0.00047634647,0.014221191,0.3631914,-9.135832e-05,0.04658166,0.8945874944329262,436,223232,8177.779742182,3571712
33.04,2.641,427,0.00014940203,0.006591797,0.36524123,8.04679e-05,0.067142434,0.8867015317082405,437,223744,8196.95308267884,3579904
33.55,2.612,413,0.0006577051,0.013793945,0.35541633,-6.833655e-05,0.064723164,0.8896126970648766,438,224256,8216.78693640302,3588096
35.04,2.6439999999999997,411,0.00033615416,0.00982666,0.38265076,-0.00022664477,0.05530743,0.9014413580298424,439,224768,8236.679220034974,3596288
36.02,2.556,419,0.00018343721,0.003479004,0.38550943,7.8808545e-05,0.053036053,0.906407006084919,440,225280,8256.22676244704,3604480
32.07,2.697,425,0.0005038491,0.017456055,0.39878702,5.9237354e-06,0.05324075,0.904343843460083,441,225792,8275.459562582895,3612672
31.99,2.6420000000000003,413,0.0005873994,0.02545166,0.3636206,0.00039217217,0.0600556,0.8829989954829216,442,226304,8295.26206333097,3620864
31.8,2.6680000000000006,414,0.00048749795,0.018371582,0.37497,-1.9295694e-06,0.057228666,0.8847585618495941,443,226816,8315.011371979956,3629056
34.08,2.599,415,0.0008635508,0.029296875,0.3663897,-1.7015846e-05,0.05430284,0.8876265734434128,444,227328,8334.741403755033,3637248
32.6,2.633,411,0.00030802094,0.011291504,0.36498284,-0.00015291343,0.06057189,0.8617817759513855,445,227840,8354.645779287908,3645440
39.38,2.6140000000000003,422,0.00028455968,0.005126953,0.3858924,-7.9086574e-05,0.05435906,0.9010527655482292,446,228352,8374.031683403999,3653632
32.71,2.6460000000000004,404,0.00032661948,0.006652832,0.37450397,0.00011006993,0.057618648,0.8711383789777756,447,228864,8394.288353381911,3661824
34.49,2.702,419,0.00031048042,0.012451172,0.365217,4.5742578e-05,0.051788222,0.8929392099380493,448,229376,8413.80529818195,3670016
34.83,2.608,416,0.0005976874,0.024291992,0.3785383,6.452255e-05,0.055977404,0.8887887001037598,449,229888,8433.468808342004,3678208
35.04,2.736,413,0.0006896594,0.028076172,0.4180836,-0.00015611277,0.053335182,0.8941363617777824,450,230400,8453.270721500972,3686400
33.87,2.614,415,0.00025541912,0.005859375,0.3990566,-1.5776604e-06,0.055966545,0.8874974250793457,451,230912,8473.010881606955,3694592
33.52,2.659,408,0.0006805815,0.032470703,0.37122437,-0.00029287924,0.05614025,0.8929288983345032,452,231424,8493.051147854887,3702784
37.68,2.658,419,0.00082534784,0.02960205,0.4073524,0.0007629095,0.06534378,0.8845900222659111,453,231936,8512.55925354804,3710976
36.41,2.5980000000000003,424,0.0021134121,0.053222656,0.3768169,-0.00015999825,0.07037747,0.9102798178792,454,232448,8531.879439749988,3719168
33.11,2.614,425,0.00065792166,0.026367188,0.40050018,0.000100854464,0.053512022,0.905879445374012,455,232960,8551.12848760793,3727360
32.07,2.785,414,0.0015468742,0.044311523,0.37850958,0.0008570305,0.048075534,0.905204065144062,456,233472,8570.873334359843,3735552
34.17,2.5500000000000003,408,0.0006193243,0.022094727,0.37453863,0.00036840246,0.05273391,0.8883372992277145,457,233984,8590.949210894061,3743744
32.68,2.5170000000000003,408,0.00070147077,0.031188965,0.35481948,-0.00016501159,0.051566195,0.8923701718449593,458,234496,8611.005536041921,3751936
33.29,2.7870000000000004,407,0.0008092137,0.042419434,0.37476504,-3.939419e-05,0.046932418,0.905188575387001,459,235008,8631.111764608882,3760128
32.52,2.6620000000000004,409,0.0008565872,0.03173828,0.36181,0.0003136437,0.0578457,0.8903924077749252,460,235520,8651.103004859062,3768320
33.58,2.6129999999999995,410,0.001332124,0.051452637,0.3680273,0.0002205869,0.06442154,0.8545298725366592,461,236032,8671.070638349978,3776512
32.28,2.563,408,0.0012885792,0.0446167,0.33027685,0.00032290077,0.0543959,0.8823365569114685,462,236544,8691.119409147883,3784704
31.6,2.7260000000000004,418,0.0012699934,0.026367188,0.34290683,2.4588575e-05,0.048799366,0.9055966511368752,463,237056,8710.705542994896,3792896
35.64,2.6510000000000002,417,0.00030317073,0.010681152,0.36914644,6.436839e-05,0.05642652,0.8897515535354614,464,237568,8730.345333360834,3801088
35.4,2.6040000000000005,409,0.00020945417,0.0045166016,0.33591706,1.5845842e-05,0.058514815,0.8948448598384857,465,238080,8750.331591292983,3809280
31.9,2.755,414,0.00017389047,0.008361816,0.32931653,2.6943671e-05,0.053848892,0.8958916664123535,466,238592,8770.084867615951,3817472
36.88,2.635,413,0.00033547863,0.009033203,0.39062825,-9.731551e-05,0.05590652,0.9053312838077545,467,239104,8789.909173413878,3825664
33.69,2.6800000000000006,433,0.00051176676,0.017456055,0.34935972,-8.001695e-05,0.052823085,0.88898865878582,468,239616,8808.823254433926,3833856
31.55,2.6639999999999997,442,0.0003171491,0.013366699,0.34812966,4.211758e-05,0.04787432,0.9099028408527374,469,240128,8827.32010594802,3842048
30.35,2.7870000000000004,404,0.00054430566,0.022644043,0.34392592,-0.00042718416,0.050625827,0.897138774394989,470,240640,8847.551634555915,3850240
33.6,2.673,410,0.0005154096,0.022094727,0.3215754,-7.112807e-05,0.050886843,0.9051753804087639,471,241152,8867.497144610854,3858432
34.55,2.728,416,0.0009833054,0.0446167,0.32651785,0.00095455814,0.042636305,0.9195678606629372,472,241664,8887.153147188015,3866624
40.39,2.4370000000000003,420,0.0007786254,0.017578125,0.32018155,0.0003827504,0.053082615,0.9014397338032722,473,242176,8906.64212080394,3874816
36.34,2.5770000000000004,422,0.0005731166,0.021728516,0.33719134,0.00021035579,0.05578486,0.8955907672643661,474,242688,8926.050914167892,3883008
31.34,2.718,407,0.00077387696,0.03375244,0.35753334,-0.00021102958,0.04723575,0.8951967284083366,475,243200,8946.162198425038,3891200
32.38,2.698,415,0.0010348455,0.026306152,0.35447496,9.108336e-05,0.051246446,0.8963691964745522,476,243712,8965.89533240092,3899392
33.86,2.6090000000000004,422,0.00039440522,0.015014648,0.3359607,-0.00012635428,0.05104931,0.9173562675714493,477,244224,8985.274418586865,3907584
35.49,2.6290000000000004,424,0.00057385827,0.021911621,0.34601384,-0.00025370752,0.04912673,0.9168969988822937,478,244736,9004.580887795892,3915776
32.37,2.687,414,0.00020349033,0.005859375,0.32210976,2.8320734e-05,0.051887058,0.9058572053909302,479,245248,9024.32288647187,3923968
31.86,2.7489999999999997,413,0.00026399008,0.010437012,0.34223473,0.00017811234,0.051841743,0.8865399956703186,480,245760,9044.124751243973,3932160
31.62,2.728,413,0.00042071607,0.014465332,0.3542766,-0.00013803039,0.059875704,0.8809847310185432,481,246272,9063.914699540008,3940352
32.1,2.7429999999999994,417,0.0004234337,0.013366699,0.36881366,-2.6006543e-05,0.04062735,0.9264405071735382,482,246784,9083.546323579038,3948544
34.97,2.6779999999999995,419,0.00085438695,0.029418945,0.41827914,0.00035945067,0.04860932,0.9092226177453995,483,247296,9103.074351924937,3956736
31.56,2.5210000000000004,413,0.00039091517,0.015563965,0.3308642,-6.472526e-05,0.066212475,0.8731525987386703,484,247808,9122.891382420901,3964928
34.81,2.655,418,0.00024382607,0.0057373047,0.31699783,1.567883e-05,0.055132695,0.906544990837574,485,248320,9142.455592888873,3973120
37.98,2.6260000000000003,422,0.00067905674,0.026123047,0.35734993,0.00018572179,0.043239284,0.9284999072551727,486,248832,9161.854352127993,3981312
33.01,2.667,407,0.00029841476,0.008850098,0.32094032,-8.534454e-05,0.04563458,0.9206109046936035,487,249344,9181.969937240938,3989504
34.0,2.7569999999999997,411,0.00029474805,0.007446289,0.3351165,0.00016893767,0.055507176,0.9076912328600883,488,249856,9201.89792179293,3997696
34.46,2.638,417,0.0004597818,0.016906738,0.3266094,-0.00014298357,0.058352146,0.8918657973408699,489,250368,9221.526985191973,4005888
31.21,2.7609999999999997,409,0.00014903785,0.0033569336,0.31981307,-8.797935e-05,0.052829966,0.8788821324706078,490,250880,9241.541684102966,4014080
32.63,2.7140000000000004,418,0.00082788925,0.033447266,0.31458703,0.00039613416,0.059372522,0.9050367325544357,491,251392,9261.133186273044,4022272
33.8,2.6690000000000005,437,0.0006293715,0.014038086,0.35514697,0.0001318013,0.06661079,0.8612266480922699,492,251904,9279.86776463897,4030464
33.97,2.5779999999999994,414,0.00024484826,0.0049438477,0.3584956,5.8671518e-05,0.06176535,0.869151696562767,493,252416,9299.646217227913,4038656
32.89,2.6650000000000005,409,0.0003993819,0.0076904297,0.3539615,-2.4741574e-05,0.07420344,0.8695421069860458,494,252928,9319.636697086971,4046848
32.09,2.7239999999999998,417,0.00025629142,0.0043945312,0.35183567,-0.00033830374,0.06477848,0.8727337568998337,495,253440,9339.264114958933,4055040
37.12,2.658,427,0.00019179903,0.0045776367,0.3381296,0.00022024897,0.06409277,0.8754806518554688,496,253952,9358.409600044833,4063232
33.72,2.595,434,0.00032851973,0.009277344,0.33310816,-9.602105e-05,0.062356114,0.8719470649957657,497,254464,9377.243318530964,4071424
35.04,2.617,419,0.00028133424,0.011291504,0.35477751,-0.000110791225,0.066813335,0.8742504864931107,498,254976,9396.772162219975,4079616
34.25,2.687,420,0.00039560645,0.0068359375,0.33726355,0.0004729099,0.07943804,0.8899371325969696,499,255488,9416.277021141024,4087808
32.79,2.74,418,0.00013840546,0.00390625,0.37093592,-3.7275313e-05,0.06808007,0.8943831101059914,500,256000,9435.847765246872,4096000
32.94,2.571,419,0.00019400578,0.005065918,0.35811517,0.00011904133,0.078706115,0.8795127496123314,501,256512,9455.409232562874,4104192
32.65,2.6420000000000003,448,0.000114757415,0.0014648438,0.3533047,-6.974225e-05,0.06880149,0.8929612636566162,502,257024,9473.69338752306,4112384
38.79,2.6329999999999996,466,0.00024564887,0.007019043,0.43906474,-0.00022399877,0.061588798,0.9163538366556168,503,257536,9491.270297375042,4120576
36.47,2.583,417,0.00039158808,0.011047363,0.3882306,0.00010629272,0.07243688,0.8835579231381416,504,258048,9510.871328323847,4128768
30.8,2.812,405,0.00014886216,0.003967285,0.39090574,0.00012592747,0.06802536,0.8814234286546707,505,258560,9531.082947901916,4136960
33.88,2.695,409,0.00038745944,0.011108398,0.38788742,-3.8934e-05,0.0633536,0.9029246047139168,506,259072,9551.09461145685,4145152
33.72,2.78,405,0.00022651207,0.0026245117,0.39439672,-0.00017313776,0.057747956,0.9113761410117149,507,259584,9571.31493355683,4153344
33.89,2.6430000000000002,420,0.00048846635,0.014404297,0.37543634,-0.00018270465,0.06526102,0.9011258482933044,508,260096,9590.813108357834,4161536
34.36,2.679,419,0.00076420093,0.027770996,0.4439758,0.00017706407,0.06589721,0.8975061923265457,509,260608,9610.357455753023,4169728
34.41,2.718,424,0.00045646043,0.01373291,0.42412347,4.7213107e-06,0.06394865,0.9070906862616539,510,261120,9629.650737512857,4177920
37.23,2.602,423,0.0009396778,0.02722168,0.5057375,0.00076276204,0.055734966,0.9087364003062248,511,261632,9649.002035446,4186112
33.42,2.6990000000000003,409,0.0005101969,0.017028809,0.3970616,0.00017525995,0.06645808,0.898324504494667,512,262144,9669.008816119982,4194304
31.52,2.602,414,0.0004101261,0.012817383,0.41686207,0.00039873086,0.058981713,0.8827250525355339,513,262656,9688.784547353862,4202496
31.75,2.7659999999999996,418,0.0005033713,0.01953125,0.43099758,-0.00011547562,0.052498646,0.9137401357293129,514,263168,9708.377276011044,4210688
36.09,2.6790000000000003,412,0.00029357418,0.009887695,0.40611503,-0.00021320334,0.045903087,0.9072868824005127,515,263680,9728.258709366899,4218880
34.9,2.622,417,0.00076074724,0.02758789,0.3825651,0.00038290603,0.06454884,0.8996087983250618,516,264192,9747.866632445948,4227072
34.55,2.6560000000000006,414,0.00044644618,0.015625,0.3880832,0.00021912016,0.051122658,0.8982058092951775,517,264704,9767.629008482909,4235264
36.28,2.59,418,0.00022260385,0.007446289,0.3856227,0.00021653294,0.055906624,0.8934293761849403,518,265216,9787.210415957961,4243456
34.65,2.677,413,0.0006219534,0.023620605,0.37526906,0.00018350832,0.050643023,0.8910608887672424,519,265728,9807.019536885899,4251648
32.9,2.64,413,0.0016510721,0.040100098,0.38813218,0.0004054028,0.047694184,0.8967022821307182,520,266240,9826.810479562962,4259840
33.36,2.6180000000000003,421,0.0008433459,0.028381348,0.37726924,0.00038138177,0.054172844,0.8909729719161987,521,266752,9846.249717841856,4268032
31.89,2.7680000000000002,423,0.00047201588,0.015197754,0.35544956,-0.00019813418,0.049851257,0.9017546474933624,522,267264,9865.604597698897,4276224
35.64,2.589,416,0.00051398214,0.02130127,0.33318263,-0.00019904427,0.054662693,0.8932190760970116,523,267776,9885.265939151868,4284416
32.18,2.633,414,0.00046260483,0.011047363,0.33434865,-0.0001314239,0.050677057,0.8986351415514946,524,268288,9905.017828651005,4292608
34.66,2.619,421,0.0003832208,0.0099487305,0.33844012,0.00021628605,0.053604923,0.8944414928555489,525,268800,9924.456073450856,4300800
33.41,2.676,403,0.0007715924,0.0335083,0.29761976,0.00043806667,0.05693309,0.8872611969709396,526,269312,9944.747483558953,4308992
38.81,2.5670000000000006,424,0.0007045088,0.025634766,0.35682863,0.0003581009,0.04938665,0.9075247496366501,527,269824,9964.048868280835,4317184
34.7,2.694,419,0.000967105,0.030090332,0.30610844,0.000572859,0.05411736,0.9027703478932381,528,270336,9983.580082698958,4325376
32.41,2.6320000000000006,408,0.0006168235,0.026550293,0.29026178,-0.00031195287,0.053886563,0.8893869742751122,529,270848,10003.617038798984,4333568
34.24,2.602,423,0.00048430788,0.013549805,0.3164418,-9.341931e-05,0.05377229,0.9002854600548744,530,271360,10022.964537261985,4341760
33.19,2.645,412,0.00038948294,0.018981934,0.28322208,-9.965699e-05,0.055877965,0.8808915838599205,531,271872,10042.843109335983,4349952
33.36,2.6929999999999996,416,0.00029140944,0.009765625,0.2758332,-0.00024282343,0.04830493,0.9084114208817482,532,272384,10062.523353108903,4358144
34.78,2.5269999999999997,409,0.00028148812,0.010070801,0.29946783,-2.0700027e-05,0.057117462,0.8832574933767319,533,272896,10082.521411299007,4366336
34.74,2.7190000000000003,412,0.00041356252,0.012817383,0.30520844,-0.000116448966,0.04662226,0.9069964066147804,534,273408,10102.382409093902,4374528
35.16,2.68,414,0.0015877245,0.037231445,0.35355622,0.0006481252,0.049900457,0.9157712534070015,535,273920,10122.140979530057,4382720
33.7,2.680999999999999,410,0.00030108873,0.008056641,0.28447232,1.5111291e-05,0.057876628,0.9048675373196602,536,274432,10142.111924648052,4390912
32.92,2.714,414,0.0004952019,0.016967773,0.30642548,0.0002964193,0.056597985,0.8833312690258026,537,274944,10161.889417229919,4399104
31.16,2.735,411,0.0007756953,0.026916504,0.28369257,0.00014474547,0.053690564,0.9005576446652412,538,275456,10181.809739538934,4407296
33.72,2.665,412,0.00044379904,0.015380859,0.2675065,-8.738873e-05,0.043038834,0.9229909479618073,539,275968,10201.682532941923,4415488
31.62,2.6540000000000004,408,0.00040493158,0.016601562,0.25923648,7.3006377e-06,0.049189486,0.8916449248790741,540,276480,10221.731261122972,4423680
31.59,2.827,409,0.001543525,0.03918457,0.26968127,0.0012448176,0.041610047,0.9171683862805367,541,276992,10241.750482448842,4431872
37.03,2.569,415,0.0027644334,0.052124023,0.28362277,0.0017976006,0.05421355,0.9038462564349174,542,277504,10261.472417949,4440064
31.41,2.6790000000000003,405,0.00048181362,0.016601562,0.26804835,0.00012148675,0.044872776,0.9110110178589821,543,278016,10281.679190729978,4448256
32.94,2.698,418,0.00090336194,0.025512695,0.2693197,0.0009415899,0.04896461,0.914724737405777,544,278528,10301.272717620945,4456448
33.7,2.608,409,0.00034732436,0.012634277,0.24864064,0.00012373598,0.057625633,0.9126360863447189,545,279040,10321.301743936958,4464640
34.45,2.7259999999999995,415,0.00030306797,0.004638672,0.25584295,-0.0001356896,0.051241234,0.9052464067935944,546,279552,10341.02617283701,4472832
33.62,2.7429999999999994,413,0.0004291745,0.0134887695,0.24851078,0.00024896694,0.058727402,0.8950412198901176,547,280064,10360.828072131844,4481024
33.8,2.764,404,0.00035142404,0.013549805,0.2240065,-0.00012298615,0.045856904,0.9031702280044556,548,280576,10381.099297521869,4489216
34.68,2.7310000000000003,417,0.00040729,0.019592285,0.26782143,-0.00010940658,0.052662924,0.8961450085043907,549,281088,10400.719745778013,4497408
31.49,2.736,421,0.00047750407,0.020568848,0.3269789,0.0003633463,0.06271184,0.9162996262311935,550,281600,10420.169348919997,4505600
33.04,2.63,415,0.00021995087,0.008972168,0.33735108,-0.00022983507,0.05949378,0.9015396907925606,551,282112,10439.901253233897,4513792
35.89,2.6500000000000004,415,0.00048726477,0.016967773,0.30007866,0.00019593071,0.04785433,0.9061690792441368,552,282624,10459.633105603978,4521984
34.18,2.6310000000000002,414,0.00073924434,0.024536133,0.27705717,8.7340595e-07,0.06238873,0.8679685741662979,553,283136,10479.37561508501,4530176
33.46,2.72,408,0.00026011793,0.0078125,0.2794441,-1.4807796e-05,0.04656884,0.8989434987306595,554,283648,10499.430801457958,4538368
33.09,2.6699999999999995,430,0.00044616417,0.010864258,0.28582802,8.965115e-06,0.046503577,0.9063165709376335,555,284160,10518.43990774895,4546560
30.81,2.6430000000000002,427,0.0003014694,0.015930176,0.25996608,5.2848074e-05,0.050982848,0.900390163064003,556,284672,10537.623131601838,4554752
34.36,2.62,411,0.00044663122,0.021057129,0.25054407,5.4257805e-05,0.055097193,0.893237978219986,557,285184,10557.524181121029,4562944
29.93,2.7969999999999997,413,0.0003395517,0.008972168,0.25798005,-8.306108e-05,0.0487291,0.8955982327461243,558,285696,10577.342658343958,4571136
33.5,2.701,411,0.00052101974,0.019042969,0.24006107,0.0001039028,0.04408788,0.9117061048746109,559,286208,10597.240717514884,4579328
31.75,2.7119999999999997,408,0.000480332,0.01928711,0.24799386,4.702466e-06,0.040981907,0.9106354862451553,560,286720,10617.271796582965,4587520
34.55,2.6830000000000003,416,0.0006365823,0.013427734,0.26093158,-0.00014747297,0.05005128,0.9054333567619324,561,287232,10636.951447122032,4595712
32.07,2.725,420,0.0005527347,0.01586914,0.2572072,0.00023376867,0.048514627,0.9005205109715462,562,287744,10656.444014013978,4603904
37.83,2.7340000000000004,412,0.0009980238,0.02520752,0.3284688,0.0006113934,0.043472458,0.9224673509597778,563,288256,10676.31154807494,4612096
32.15,2.716,414,0.00034286996,0.013916016,0.27486673,0.00025434757,0.04782915,0.9115812629461288,564,288768,10696.072007886833,4620288
34.72,2.5780000000000003,415,0.00020243695,0.0068359375,0.2588551,3.857672e-05,0.051458437,0.9101136326789856,565,289280,10715.789245791035,4628480
34.56,2.656,411,0.0002058894,0.0065307617,0.2554697,-1.0242889e-05,0.054254223,0.8967108353972435,566,289792,10735.705516611924,4636672
33.79,2.741,417,0.0003782035,0.013366699,0.24293514,7.325757e-05,0.04219828,0.9216983690857887,567,290304,10755.325366982957,4644864
31.81,2.633,433,0.00016526328,0.0076293945,0.2420655,6.688264e-06,0.051124018,0.8905209302902222,568,290816,10774.220769766951,4653056
32.63,2.6940000000000004,421,0.00018580703,0.003540039,0.23531327,1.8118342e-05,0.047431644,0.9083544537425041,569,291328,10793.675755162956,4661248
32.73,2.6239999999999997,412,0.0002859792,0.008239746,0.28524217,0.00011861499,0.060259283,0.8814721032977104,570,291840,10813.558896621922,4669440
33.58,2.6249999999999996,416,0.000280486,0.010864258,0.23725149,-2.737096e-05,0.038853996,0.9296280518174171,571,292352,10833.22861697385,4677632
32.0,2.803,406,0.00012735752,0.0040893555,0.2307925,-2.1137443e-05,0.046990175,0.9065288230776787,572,292864,10853.380175634054,4685824
34.1,2.653,411,0.00014392013,0.004272461,0.23606549,-0.00016625816,0.044685155,0.9111031740903854,573,293376,10873.297083902871,4694016
31.21,2.815,403,0.00017555756,0.004760742,0.2541135,-0.00010587886,0.045115493,0.9055888503789902,574,293888,10893.617106289836,4702208
32.72,2.677,407,0.00019164434,0.0076904297,0.22778365,-9.6216885e-05,0.04901121,0.9071778059005737,575,294400,10913.712938126875,4710400
31.9,2.701,405,0.0003603359,0.0146484375,0.20329215,-2.0761217e-07,0.05836367,0.8786323815584183,576,294912,10933.897840352962,4718592
35.71,2.6990000000000003,413,0.00022085624,0.005554199,0.20087512,-0.00020928562,0.04188127,0.9197926893830299,577,295424,10953.714992181864,4726784
37.42,2.548,409,0.00030590256,0.012939453,0.2543186,-0.00016547943,0.051135555,0.9106691628694534,578,295936,10973.707556543872,4734976
31.52,2.658,404,0.00024951046,0.009033203,0.2120357,-0.00012802528,0.060125403,0.88921719789505,579,296448,10993.984030319843,4743168
30.59,2.7569999999999997,405,0.0006392233,0.016235352,0.18786526,0.0008441708,0.052621458,0.8973254859447479,580,296960,11014.211018881062,4751360
35.61,2.6659999999999995,421,0.0007019134,0.024841309,0.1913385,0.0005192162,0.052420266,0.8955369144678116,581,297472,11033.632365678903,4759552
32.3,2.7429999999999994,411,0.00026273864,0.011108398,0.19280331,1.1892305e-05,0.04668273,0.9155743792653084,582,297984,11053.534758572932,4767744
33.06,2.7470000000000003,412,0.00070449774,0.020080566,0.19185556,0.00025964272,0.04438088,0.9096526354551315,583,298496,11073.416652561864,4775936
32.0,2.5660000000000003,413,0.0006699996,0.018493652,0.2037746,0.000116276366,0.05834306,0.8800952434539795,584,299008,11093.222767435014,4784128
32.47,2.696,407,0.00092135195,0.02154541,0.18678957,8.321076e-06,0.050501738,0.8930801525712013,585,299520,11113.349252434913,4792320
29.81,2.7470000000000003,411,0.00052670436,0.01751709,0.19610666,0.0004949152,0.054942008,0.8806190341711044,586,300032,11133.273358451901,4800512
33.64,2.623,411,0.0006323622,0.019836426,0.16665186,0.00016908941,0.053750057,0.8975041285157204,587,300544,11153.196295921924,4808704
34.08,2.6430000000000002,408,0.00030662416,0.0107421875,0.1705401,0.00016826324,0.05526453,0.8945562392473221,588,301056,11173.229445583886,4816896
31.6,2.7390000000000003,407,0.00010884892,0.0036010742,0.16218354,-9.735196e-05,0.061092243,0.8680104166269302,589,301568,11193.340219571954,4825088
33.69,2.6859999999999995,412,0.00018271341,0.006225586,0.18145993,-6.683206e-05,0.044287097,0.9120473563671112,590,302080,11213.21224991884,4833280
32.13,2.6919999999999997,416,0.00042772028,0.009094238,0.18506762,0.00013179064,0.056909032,0.8833847716450691,591,302592,11232.891331615858,4841472
31.67,2.6919999999999997,415,0.0001395546,0.006591797,0.18494585,0.00014088923,0.05258732,0.8950440511107445,592,303104,11252.629070603056,4849664
31.35,2.708,397,0.0037960904,0.039367676,0.1614549,0.0013615225,0.054964304,0.8760808929800987,593,303616,11273.216987540014,4857856
30.98,2.728,415,0.0014076431,0.033569336,0.21055429,0.0003055159,0.04977653,0.9091451987624168,594,304128,11292.94275590987,4866048
31.83,2.7889999999999997,407,0.0005527243,0.01940918,0.21584423,0.00023486558,0.04857854,0.9074445217847824,595,304640,11313.033077197848,4874240
34.51,2.7689999999999997,416,0.000433887,0.014160156,0.3092565,-8.911309e-05,0.04892768,0.9063819125294685,596,305152,11332.712100540986,4882432
31.54,2.664,406,0.0003556505,0.0107421875,0.22685313,-0.00032242847,0.04744422,0.9107974469661713,597,305664,11352.85808368004,4890624
34.33,2.6879999999999997,417,0.00023854767,0.009765625,0.21145476,-9.9674064e-05,0.047499448,0.9151424616575241,598,306176,11372.503653640859,4898816
32.97,2.7110000000000003,404,0.0001254952,0.0045166016,0.2193611,-0.00015670294,0.049563706,0.9017057046294212,599,306688,11392.751990261953,4907008
31.47,2.6480000000000006,401,8.88926e-05,0.002319336,0.22009069,-5.9936225e-05,0.052298103,0.9000688269734383,600,307200,11413.13504825905,4915200
35.73,2.7579999999999996,414,0.00028406183,0.009460449,0.20952699,-1.8455336e-05,0.04166761,0.925439141690731,601,307712,11432.918915217044,4923392
33.75,2.65,414,0.0001784435,0.005432129,0.21378152,8.125059e-05,0.044766072,0.9148672893643379,602,308224,11452.704409523867,4931584
30.59,2.707,408,0.00021964639,0.0095825195,0.21189411,-0.000114062714,0.056272957,0.8803934454917908,603,308736,11472.773449823959,4939776
31.46,2.76,410,0.0002664758,0.011291504,0.20567477,-7.569506e-05,0.045477632,0.9166865944862366,604,309248,11492.70727780601,4947968
30.29,2.6320000000000006,411,0.000312488,0.01184082,0.22734605,3.0776428e-06,0.050694957,0.9022201299667358,605,309760,11512.629979816964,4956160
31.92,2.7460000000000004,413,0.0004789453,0.015563965,0.22234717,3.8545215e-05,0.04963564,0.9089768007397652,606,310272,11532.447928847978,4964352
33.41,2.696,412,0.0012724367,0.037109375,0.20258859,0.00040936752,0.047579173,0.9046861305832863,607,310784,11552.287644539028,4972544
32.1,2.738,410,0.00031749008,0.011230469,0.22108603,9.355963e-05,0.042096585,0.9254851117730141,608,311296,11572.246628657915,4980736
30.48,2.6970000000000005,405,0.0002019657,0.0067749023,0.18624696,1.3051613e-05,0.04890975,0.902914248406887,609,311808,11592.469463646878,4988928
34.0,2.7029999999999994,411,0.00019507488,0.0072631836,0.18854335,-5.592135e-05,0.0561084,0.8957534581422806,610,312320,11612.354421383003,4997120
